season,game_id,side,qb_id,name,team,dropbacks,epa
2014,2014_01_BUF_CHI,away,00-0030526,E.Manuel,BUF,27,-1.538
2014,2014_01_BUF_CHI,home,00-0024226,J.Cutler,CHI,56,2.2806
2014,2014_01_CAR_TB,away,00-0023645,D.Anderson,CAR,31,8.7272
2014,2014_01_CAR_TB,home,00-0021206,J.McCown,TB,39,-5.2304
2014,2014_01_CIN_BAL,away,00-0027973,A.Dalton,CIN,41,5.9733
2014,2014_01_CIN_BAL,home,00-0026158,J.Flacco,BAL,68,-4.4682
2014,2014_01_CLE_PIT,home,00-0022924,B.Roethlisberger,PIT,39,9.2732
2014,2014_01_CLE_PIT,away,00-0026625,B.Hoyer,CLE,35,3.3303
2014,2014_01_CLE_PIT,home,00-0028954,R.Golden,PIT,1,3.7981
2014,2014_01_GB_SEA,away,00-0023459,A.Rodgers,GB,29,-5.223
2014,2014_01_GB_SEA,home,00-0029263,R.Wilson,SEA,30,4.0237
2014,2014_01_IND_DEN,away,00-0029668,A.Luck,IND,47,-6.622
2014,2014_01_IND_DEN,home,00-0010346,P.Manning,DEN,36,10.9289
2014,2014_01_JAX_PHI,away,00-0026197,C.Henne,JAX,40,-3.9606
2014,2014_01_JAX_PHI,home,00-0029567,N.Foles,PHI,54,-7.8654
2014,2014_01_MIN_STL,away,00-0023662,M.Cassel,MIN,19,4.5969
2014,2014_01_MIN_STL,home,00-0020679,S.Hill,LA,15,-8.746
2014,2014_01_MIN_STL,home,00-0028957,A.Davis,LA,8,-3.7733
2014,2014_01_NE_MIA,away,00-0019596,T.Brady,NE,51,-9.1471
2014,2014_01_NE_MIA,home,00-0029701,R.Tannehill,MIA,35,-2.4856
2014,2014_01_NO_ATL,away,00-0020531,D.Brees,NO,48,13.7245
2014,2014_01_NO_ATL,home,00-0026143,M.Ryan,ATL,49,17.765
2014,2014_01_NYG_DET,home,00-0026498,M.Stafford,DET,34,14.0761
2014,2014_01_NYG_DET,away,00-0022803,E.Manning,NYG,28,-12.9053
2014,2014_01_OAK_NYJ,home,00-0030565,G.Smith,NYJ,36,4.5568
2014,2014_01_OAK_NYJ,away,00-0031280,D.Carr,LV,32,-7.1644
2014,2014_01_OAK_NYJ,home,00-0020245,M.Vick,NYJ,1,-0.8893
2014,2014_01_SD_ARI,home,00-0021429,C.Palmer,ARI,45,12.2216
2014,2014_01_SD_ARI,away,00-0022942,P.Rivers,LAC,38,2.7457
2014,2014_01_SF_DAL,home,00-0021678,T.Romo,DAL,17,-6.6787
2014,2014_01_SF_DAL,away,00-0027974,C.Kaepernick,SF,16,11.9516
2014,2014_01_TEN_KC,home,00-0023436,A.Smith,KC,29,-8.0218
2014,2014_01_TEN_KC,away,00-0027946,J.Locker,TEN,37,12.1209
2014,2014_01_WAS_HOU,home,00-0023682,R.Fitzpatrick,HOU,23,9.1028
2014,2014_01_WAS_HOU,away,00-0029665,R.Griffin III,WAS,37,-3.6471
2014,2014_02_ARI_NYG,away,00-0025430,D.Stanton,ARI,39,-0.5811
2014,2014_02_ARI_NYG,home,00-0022803,E.Manning,NYG,43,5.5124
2014,2014_02_ATL_CIN,away,00-0026143,M.Ryan,ATL,23,-12.2006
2014,2014_02_ATL_CIN,home,00-0027973,A.Dalton,CIN,22,10.0174
2014,2014_02_ATL_CIN,home,00-0029632,M.Sanu,CIN,1,3.122
2014,2014_02_CHI_SF,away,00-0024226,J.Cutler,CHI,44,11.3905
2014,2014_02_CHI_SF,home,00-0027974,C.Kaepernick,SF,44,1.0804
2014,2014_02_DAL_TEN,away,00-0021678,T.Romo,DAL,32,8.1579
2014,2014_02_DAL_TEN,home,00-0027946,J.Locker,TEN,36,-11.9452
2014,2014_02_DET_CAR,away,00-0026498,M.Stafford,DET,39,2.2692
2014,2014_02_DET_CAR,home,00-0027939,C.Newton,CAR,43,4.6822
2014,2014_02_HOU_OAK,away,00-0023682,R.Fitzpatrick,HOU,20,11.8925
2014,2014_02_HOU_OAK,home,00-0031280,D.Carr,LV,20,-10.7947
2014,2014_02_JAX_WAS,home,00-0029665,R.Griffin III,WAS,4,-0.007
2014,2014_02_JAX_WAS,away,00-0026197,C.Henne,JAX,28,-13.2024
2014,2014_02_JAX_WAS,home,00-0029604,K.Cousins,WAS,31,12.6449
2014,2014_02_KC_DEN,home,00-0010346,P.Manning,DEN,29,12.7583
2014,2014_02_KC_DEN,away,00-0023436,A.Smith,KC,57,18.3462
2014,2014_02_MIA_BUF,home,00-0030526,E.Manuel,BUF,24,7.2351
2014,2014_02_MIA_BUF,away,00-0029701,R.Tannehill,MIA,39,-0.8949
2014,2014_02_NE_MIN,home,00-0023662,M.Cassel,MIN,31,-6.0746
2014,2014_02_NE_MIN,away,00-0019596,T.Brady,NE,18,5.4779
2014,2014_02_NO_CLE,away,00-0020531,D.Brees,NO,42,2.5839
2014,2014_02_NO_CLE,home,00-0026625,B.Hoyer,CLE,43,2.0723
2014,2014_02_NO_CLE,home,00-0031409,J.Manziel,CLE,1,-0.7892
2014,2014_02_NYJ_GB,away,00-0030565,G.Smith,NYJ,37,1.6462
2014,2014_02_NYJ_GB,home,00-0023459,A.Rodgers,GB,50,12.8079
2014,2014_02_NYJ_GB,away,00-0020245,M.Vick,NYJ,1,-0.7882
2014,2014_02_PHI_IND,home,00-0029668,A.Luck,IND,37,4.4744
2014,2014_02_PHI_IND,away,00-0029567,N.Foles,PHI,41,14.4186
2014,2014_02_PIT_BAL,away,00-0022924,B.Roethlisberger,PIT,27,-7.3948
2014,2014_02_PIT_BAL,home,00-0026158,J.Flacco,BAL,31,11.4185
2014,2014_02_SEA_SD,away,00-0029263,R.Wilson,SEA,27,4.37
2014,2014_02_SEA_SD,home,00-0022942,P.Rivers,LAC,46,21.6567
2014,2014_02_STL_TB,home,00-0021206,J.McCown,TB,26,6.7665
2014,2014_02_STL_TB,away,00-0028957,A.Davis,LA,32,12.6211
2014,2014_03_BAL_CLE,away,00-0026158,J.Flacco,BAL,33,7.1503
2014,2014_03_BAL_CLE,home,00-0026625,B.Hoyer,CLE,31,15.4087
2014,2014_03_CHI_NYJ,home,00-0030565,G.Smith,NYJ,48,1.3798
2014,2014_03_CHI_NYJ,away,00-0024226,J.Cutler,CHI,47,3.7692
2014,2014_03_DAL_STL,home,00-0028957,A.Davis,LA,45,11.8273
2014,2014_03_DAL_STL,away,00-0021678,T.Romo,DAL,28,15.3786
2014,2014_03_DEN_SEA,home,00-0029263,R.Wilson,SEA,46,2.5803
2014,2014_03_DEN_SEA,home,00-0029159,J.Kearse,SEA,1,1.0823
2014,2014_03_DEN_SEA,away,00-0010346,P.Manning,DEN,49,3.5769
2014,2014_03_GB_DET,home,00-0026498,M.Stafford,DET,40,2.5166
2014,2014_03_GB_DET,away,00-0023459,A.Rodgers,GB,31,-1.1643
2014,2014_03_HOU_NYG,home,00-0022803,E.Manning,NYG,29,3.9959
2014,2014_03_HOU_NYG,away,00-0023682,R.Fitzpatrick,HOU,31,-6.8781
2014,2014_03_HOU_NYG,away,00-0019714,S.Lechler,HOU,1,2.7922
2014,2014_03_IND_JAX,away,00-0029668,A.Luck,IND,27,14.2655
2014,2014_03_IND_JAX,home,00-0026197,C.Henne,JAX,10,-6.3671
2014,2014_03_KC_MIA,home,00-0029701,R.Tannehill,MIA,44,-11.0152
2014,2014_03_KC_MIA,away,00-0023436,A.Smith,KC,31,9.3973
2014,2014_03_MIN_NO,home,00-0020531,D.Brees,NO,36,18.9889
2014,2014_03_MIN_NO,away,00-0023662,M.Cassel,MIN,12,0.0921
2014,2014_03_MIN_NO,away,00-0031237,T.Bridgewater,MIN,26,2.7393
2014,2014_03_OAK_NE,away,00-0031280,D.Carr,LV,37,2.3783
2014,2014_03_OAK_NE,home,00-0019596,T.Brady,NE,40,6.7387
2014,2014_03_PIT_CAR,away,00-0022924,B.Roethlisberger,PIT,32,1.5125
2014,2014_03_PIT_CAR,home,00-0027939,C.Newton,CAR,40,-0.6638
2014,2014_03_SD_BUF,home,00-0030526,E.Manuel,BUF,38,-5.0855
2014,2014_03_SD_BUF,away,00-0022942,P.Rivers,LAC,30,17.66
2014,2014_03_SD_BUF,home,00-0024204,F.Jackson,BUF,1,-0.3917
2014,2014_03_SF_ARI,home,00-0025430,D.Stanton,ARI,39,14.873
2014,2014_03_SF_ARI,away,00-0027974,C.Kaepernick,SF,44,10.4084
2014,2014_03_SF_ARI,home,00-0025396,T.Ginn,ARI,1,0.8703
2014,2014_03_TB_ATL,home,00-0026143,M.Ryan,ATL,14,10.6371
2014,2014_03_TB_ATL,away,00-0021206,J.McCown,TB,6,-11.551
2014,2014_03_TEN_CIN,away,00-0027946,J.Locker,TEN,24,-8.9428
2014,2014_03_TEN_CIN,home,00-0027973,A.Dalton,CIN,17,-4.0326
2014,2014_03_TEN_CIN,home,00-0029632,M.Sanu,CIN,1,2.1789
2014,2014_03_WAS_PHI,away,00-0029604,K.Cousins,WAS,50,16.788
2014,2014_03_WAS_PHI,home,00-0029567,N.Foles,PHI,49,23.4925
2014,2014_04_ATL_MIN,away,00-0026143,M.Ryan,ATL,41,6.3978
2014,2014_04_ATL_MIN,home,00-0031237,T.Bridgewater,MIN,34,18.0971
2014,2014_04_BUF_HOU,away,00-0030526,E.Manuel,BUF,47,-9.1569
2014,2014_04_BUF_HOU,home,00-0023682,R.Fitzpatrick,HOU,47,-7.3133
2014,2014_04_CAR_BAL,away,00-0027939,C.Newton,CAR,26,13.4851
2014,2014_04_CAR_BAL,home,00-0026158,J.Flacco,BAL,26,20.9569
2014,2014_04_DET_NYJ,home,00-0030565,G.Smith,NYJ,37,-2.1916
2014,2014_04_DET_NYJ,away,00-0026498,M.Stafford,DET,37,10.9958
2014,2014_04_GB_CHI,home,00-0024226,J.Cutler,CHI,29,5.3003
2014,2014_04_GB_CHI,away,00-0023459,A.Rodgers,GB,30,21.2866
2014,2014_04_JAX_SD,away,00-0031407,B.Bortles,JAX,28,3.9763
2014,2014_04_JAX_SD,home,00-0022942,P.Rivers,LAC,40,22.7341
2014,2014_04_MIA_OAK,home,00-0031280,D.Carr,LV,23,-4.5299
2014,2014_04_MIA_OAK,away,00-0029701,R.Tannehill,MIA,25,19.3343
2014,2014_04_NE_KC,home,00-0023436,A.Smith,KC,23,8.1045
2014,2014_04_NE_KC,away,00-0019596,T.Brady,NE,21,-6.1379
2014,2014_04_NO_DAL,home,00-0021678,T.Romo,DAL,22,12.3715
2014,2014_04_NO_DAL,away,00-0020531,D.Brees,NO,23,-1.6793
2014,2014_04_NYG_WAS,away,00-0022803,E.Manning,NYG,36,15.571
2014,2014_04_NYG_WAS,home,00-0029604,K.Cousins,WAS,30,-13.6791
2014,2014_04_PHI_SF,away,00-0029567,N.Foles,PHI,47,-15.7672
2014,2014_04_PHI_SF,home,00-0027974,C.Kaepernick,SF,43,-1.0073
2014,2014_04_TB_PIT,home,00-0022924,B.Roethlisberger,PIT,48,11.7305
2014,2014_04_TB_PIT,away,00-0030520,M.Glennon,TB,43,5.3041
2014,2014_04_TB_PIT,home,00-0027793,A.Brown,PIT,1,0.8969
2014,2014_04_TB_PIT,away,00-0029384,B.Rainey,TB,1,-0.426
2014,2014_04_TEN_IND,home,00-0029668,A.Luck,IND,34,15.8594
2014,2014_04_TEN_IND,away,00-0024296,C.Whitehurst,TEN,24,-4.6334
2014,2014_05_ARI_DEN,away,00-0025430,D.Stanton,ARI,28,-1.0586
2014,2014_05_ARI_DEN,home,00-0010346,P.Manning,DEN,47,8.8079
2014,2014_05_ARI_DEN,away,00-0031260,L.Thomas,ARI,7,-2.2108
2014,2014_05_ATL_NYG,home,00-0022803,E.Manning,NYG,34,9.9355
2014,2014_05_ATL_NYG,away,00-0026143,M.Ryan,ATL,41,-0.1867
2014,2014_05_BAL_IND,home,00-0029668,A.Luck,IND,55,4.6722
2014,2014_05_BAL_IND,away,00-0026158,J.Flacco,BAL,44,-15.566
2014,2014_05_BUF_DET,away,00-0023541,K.Orton,BUF,45,4.3905
2014,2014_05_BUF_DET,home,00-0026498,M.Stafford,DET,43,-6.8737
2014,2014_05_CHI_CAR,home,00-0027939,C.Newton,CAR,41,-5.536
2014,2014_05_CHI_CAR,away,00-0024226,J.Cutler,CHI,42,7.0341
2014,2014_05_CIN_NE,home,00-0019596,T.Brady,NE,31,7.7132
2014,2014_05_CIN_NE,away,00-0027973,A.Dalton,CIN,18,-1.4306
2014,2014_05_CLE_TEN,home,00-0027946,J.Locker,TEN,19,14.0913
2014,2014_05_CLE_TEN,away,00-0026625,B.Hoyer,CLE,38,2.9764
2014,2014_05_CLE_TEN,home,00-0024296,C.Whitehurst,TEN,22,4.1947
2014,2014_05_HOU_DAL,away,00-0023682,R.Fitzpatrick,HOU,28,-6.2224
2014,2014_05_HOU_DAL,home,00-0021678,T.Romo,DAL,42,10.8087
2014,2014_05_KC_SF,away,00-0023436,A.Smith,KC,31,4.7277
2014,2014_05_KC_SF,home,00-0027974,C.Kaepernick,SF,34,4.2338
2014,2014_05_KC_SF,home,00-0022084,A.Boldin,SF,1,-0.4153
2014,2014_05_MIN_GB,home,00-0023459,A.Rodgers,GB,12,0.7985
2014,2014_05_MIN_GB,away,00-0027950,C.Ponder,MIN,18,-16.0891
2014,2014_05_NYJ_SD,away,00-0030565,G.Smith,NYJ,15,-4.893
2014,2014_05_NYJ_SD,home,00-0022942,P.Rivers,LAC,25,11.6681
2014,2014_05_NYJ_SD,away,00-0020245,M.Vick,NYJ,2,-3.4767
2014,2014_05_PIT_JAX,away,00-0022924,B.Roethlisberger,PIT,40,2.5064
2014,2014_05_PIT_JAX,home,00-0031407,B.Bortles,JAX,39,-8.1273
2014,2014_05_SEA_WAS,away,00-0029263,R.Wilson,SEA,35,4.055
2014,2014_05_SEA_WAS,home,00-0029604,K.Cousins,WAS,37,4.673
2014,2014_05_STL_PHI,away,00-0028957,A.Davis,LA,40,-3.6454
2014,2014_05_STL_PHI,home,00-0029567,N.Foles,PHI,30,0.2832
2014,2014_05_TB_NO,home,00-0020531,D.Brees,NO,61,5.6484
2014,2014_05_TB_NO,away,00-0030520,M.Glennon,TB,41,10.382
2014,2014_06_BAL_TB,away,00-0026158,J.Flacco,BAL,13,16.9617
2014,2014_06_BAL_TB,home,00-0030520,M.Glennon,TB,7,-6.533
2014,2014_06_CAR_CIN,away,00-0027939,C.Newton,CAR,50,16.1162
2014,2014_06_CAR_CIN,home,00-0027973,A.Dalton,CIN,49,14.9606
2014,2014_06_CHI_ATL,away,00-0024226,J.Cutler,CHI,43,16.102
2014,2014_06_CHI_ATL,home,00-0026143,M.Ryan,ATL,33,-1.0911
2014,2014_06_DAL_SEA,home,00-0029263,R.Wilson,SEA,32,-7.1149
2014,2014_06_DAL_SEA,away,00-0021678,T.Romo,DAL,36,14.9589
2014,2014_06_DEN_NYJ,away,00-0010346,P.Manning,DEN,34,10.0132
2014,2014_06_DEN_NYJ,home,00-0030565,G.Smith,NYJ,46,-0.1061
2014,2014_06_DET_MIN,away,00-0026498,M.Stafford,DET,38,0.1716
2014,2014_06_DET_MIN,home,00-0031237,T.Bridgewater,MIN,27,-18.8776
2014,2014_06_GB_MIA,away,00-0023459,A.Rodgers,GB,51,14.3602
2014,2014_06_GB_MIA,home,00-0029701,R.Tannehill,MIA,35,7.608
2014,2014_06_IND_HOU,home,00-0023682,R.Fitzpatrick,HOU,31,-4.3461
2014,2014_06_IND_HOU,away,00-0029668,A.Luck,IND,54,22.3306
2014,2014_06_JAX_TEN,away,00-0031407,B.Bortles,JAX,55,2.8554
2014,2014_06_JAX_TEN,home,00-0024296,C.Whitehurst,TEN,35,2.9041
2014,2014_06_NE_BUF,home,00-0023541,K.Orton,BUF,33,2.6685
2014,2014_06_NE_BUF,away,00-0019596,T.Brady,NE,45,30.4782
2014,2014_06_NYG_PHI,home,00-0029567,N.Foles,PHI,26,5.227
2014,2014_06_NYG_PHI,away,00-0022803,E.Manning,NYG,24,-10.8958
2014,2014_06_PIT_CLE,away,00-0022924,B.Roethlisberger,PIT,25,-1.3079
2014,2014_06_PIT_CLE,home,00-0026625,B.Hoyer,CLE,15,6.9422
2014,2014_06_SD_OAK,home,00-0031280,D.Carr,LV,38,7.3022
2014,2014_06_SD_OAK,away,00-0022942,P.Rivers,LAC,40,18.9239
2014,2014_06_SD_OAK,away,00-0025424,E.Weddle,LAC,1,-2.3245
2014,2014_06_SF_STL,home,00-0028957,A.Davis,LA,44,-8.0389
2014,2014_06_SF_STL,away,00-0027974,C.Kaepernick,SF,38,13.2618
2014,2014_06_WAS_ARI,home,00-0021429,C.Palmer,ARI,46,8.9366
2014,2014_06_WAS_ARI,away,00-0029604,K.Cousins,WAS,43,-3.883
2014,2014_07_ARI_OAK,home,00-0031280,D.Carr,LV,31,-3.6292
2014,2014_07_ARI_OAK,away,00-0021429,C.Palmer,ARI,38,12.6883
2014,2014_07_ATL_BAL,away,00-0026143,M.Ryan,ATL,25,-14.7564
2014,2014_07_ATL_BAL,home,00-0026158,J.Flacco,BAL,24,6.9454
2014,2014_07_CAR_GB,home,00-0023459,A.Rodgers,GB,20,13.1239
2014,2014_07_CAR_GB,away,00-0027939,C.Newton,CAR,13,-5.3449
2014,2014_07_CIN_IND,home,00-0029668,A.Luck,IND,36,5.1729
2014,2014_07_CIN_IND,away,00-0027973,A.Dalton,CIN,28,-19.7467
2014,2014_07_CIN_IND,away,00-0029632,M.Sanu,CIN,1,-1.3652
2014,2014_07_CLE_JAX,away,00-0026625,B.Hoyer,CLE,38,-16.9831
2014,2014_07_CLE_JAX,home,00-0031407,B.Bortles,JAX,36,-17.6741
2014,2014_07_HOU_PIT,home,00-0022924,B.Roethlisberger,PIT,35,8.4805
2014,2014_07_HOU_PIT,away,00-0023682,R.Fitzpatrick,HOU,31,-2.0547
2014,2014_07_HOU_PIT,home,00-0027793,A.Brown,PIT,1,1.0913
2014,2014_07_KC_SD,home,00-0022942,P.Rivers,LAC,36,4.4147
2014,2014_07_KC_SD,away,00-0023436,A.Smith,KC,38,13.8185
2014,2014_07_MIA_CHI,away,00-0029701,R.Tannehill,MIA,30,12.2715
2014,2014_07_MIA_CHI,home,00-0024226,J.Cutler,CHI,26,-6.0926
2014,2014_07_MIN_BUF,away,00-0031237,T.Bridgewater,MIN,33,-8.5224
2014,2014_07_MIN_BUF,home,00-0023541,K.Orton,BUF,50,-5.8827
2014,2014_07_NO_DET,home,00-0026498,M.Stafford,DET,43,-3.248
2014,2014_07_NO_DET,away,00-0020531,D.Brees,NO,50,5.7921
2014,2014_07_NYG_DAL,home,00-0021678,T.Romo,DAL,26,20.0039
2014,2014_07_NYG_DAL,away,00-0022803,E.Manning,NYG,36,12.1898
2014,2014_07_NYJ_NE,home,00-0019596,T.Brady,NE,41,9.8267
2014,2014_07_NYJ_NE,away,00-0030565,G.Smith,NYJ,46,9.9044
2014,2014_07_NYJ_NE,away,00-0020245,M.Vick,NYJ,1,0.5659
2014,2014_07_SEA_STL,home,00-0028957,A.Davis,LA,22,10.3018
2014,2014_07_SEA_STL,away,00-0029263,R.Wilson,SEA,43,21.4673
2014,2014_07_SEA_STL,home,00-0028872,J.Hekker,LA,1,2.2777
2014,2014_07_SF_DEN,away,00-0027974,C.Kaepernick,SF,31,0.2154
2014,2014_07_SF_DEN,home,00-0010346,P.Manning,DEN,24,20.7661
2014,2014_07_TEN_WAS,home,00-0029604,K.Cousins,WAS,20,-3.4565
2014,2014_07_TEN_WAS,away,00-0024296,C.Whitehurst,TEN,33,1.7743
2014,2014_07_TEN_WAS,home,00-0027688,C.McCoy,WAS,17,3.2889
2014,2014_08_BAL_CIN,home,00-0027973,A.Dalton,CIN,34,2.2108
2014,2014_08_BAL_CIN,away,00-0026158,J.Flacco,BAL,39,-7.259
2014,2014_08_BUF_NYJ,home,00-0030565,G.Smith,NYJ,8,-11.6152
2014,2014_08_BUF_NYJ,away,00-0023541,K.Orton,BUF,22,1.309
2014,2014_08_BUF_NYJ,home,00-0020245,M.Vick,NYJ,31,-11.1233
2014,2014_08_CHI_NE,away,00-0024226,J.Cutler,CHI,15,-0.5441
2014,2014_08_CHI_NE,home,00-0019596,T.Brady,NE,22,24.1239
2014,2014_08_DET_ATL,home,00-0026143,M.Ryan,ATL,35,11.3235
2014,2014_08_DET_ATL,away,00-0026498,M.Stafford,DET,48,9.0417
2014,2014_08_GB_NO,away,00-0023459,A.Rodgers,GB,36,3.377
2014,2014_08_GB_NO,home,00-0020531,D.Brees,NO,33,15.2982
2014,2014_08_HOU_TEN,away,00-0023682,R.Fitzpatrick,HOU,34,4.5921
2014,2014_08_HOU_TEN,home,00-0031266,Z.Mettenberger,TEN,22,-16.6922
2014,2014_08_IND_PIT,away,00-0029668,A.Luck,IND,28,6.2012
2014,2014_08_IND_PIT,home,00-0022924,B.Roethlisberger,PIT,47,39.986
2014,2014_08_MIA_JAX,home,00-0031407,B.Bortles,JAX,37,-13.2784
2014,2014_08_MIA_JAX,away,00-0029701,R.Tannehill,MIA,25,-6.4869
2014,2014_08_MIN_TB,home,00-0030520,M.Glennon,TB,39,-12.2638
2014,2014_08_MIN_TB,away,00-0031237,T.Bridgewater,MIN,48,-0.3846
2014,2014_08_OAK_CLE,away,00-0031280,D.Carr,LV,41,-1.738
2014,2014_08_OAK_CLE,away,00-0026144,D.McFadden,LV,1,-0.5046
2014,2014_08_OAK_CLE,away,00-0022787,M.Schaub,LV,1,-2.9298
2014,2014_08_OAK_CLE,home,00-0026625,B.Hoyer,CLE,30,6.4533
2014,2014_08_PHI_ARI,away,00-0029567,N.Foles,PHI,67,-4.8857
2014,2014_08_PHI_ARI,home,00-0021429,C.Palmer,ARI,47,3.135
2014,2014_08_SD_DEN,home,00-0010346,P.Manning,DEN,30,18.8101
2014,2014_08_SD_DEN,away,00-0022942,P.Rivers,LAC,39,-1.8702
2014,2014_08_SEA_CAR,away,00-0029263,R.Wilson,SEA,36,5.1892
2014,2014_08_SEA_CAR,home,00-0027939,C.Newton,CAR,28,-5.8547
2014,2014_08_STL_KC,away,00-0028957,A.Davis,LA,19,-7.7862
2014,2014_08_STL_KC,home,00-0023436,A.Smith,KC,33,9.6319
2014,2014_08_WAS_DAL,home,00-0021678,T.Romo,DAL,34,-5.5839
2014,2014_08_WAS_DAL,away,00-0027688,C.McCoy,WAS,37,4.9853
2014,2014_08_WAS_DAL,home,00-0029677,B.Weeden,DAL,6,3.8773
2014,2014_09_ARI_DAL,away,00-0021429,C.Palmer,ARI,35,7.7819
2014,2014_09_ARI_DAL,home,00-0029677,B.Weeden,DAL,28,-11.3101
2014,2014_09_BAL_PIT,away,00-0026158,J.Flacco,BAL,31,-3.5676
2014,2014_09_BAL_PIT,home,00-0022924,B.Roethlisberger,PIT,41,19.5365
2014,2014_09_DEN_NE,away,00-0010346,P.Manning,DEN,37,-1.2783
2014,2014_09_DEN_NE,home,00-0019596,T.Brady,NE,47,11.2692
2014,2014_09_IND_NYG,home,00-0022803,E.Manning,NYG,31,-5.2907
2014,2014_09_IND_NYG,away,00-0029668,A.Luck,IND,46,14.2132
2014,2014_09_JAX_CIN,away,00-0031407,B.Bortles,JAX,34,0.1204
2014,2014_09_JAX_CIN,home,00-0027973,A.Dalton,CIN,33,2.4919
2014,2014_09_NO_CAR,away,00-0020531,D.Brees,NO,37,8.7195
2014,2014_09_NO_CAR,home,00-0027939,C.Newton,CAR,33,-6.7402
2014,2014_09_NYJ_KC,home,00-0023436,A.Smith,KC,29,13.2045
2014,2014_09_NYJ_KC,away,00-0020245,M.Vick,NYJ,19,-0.4572
2014,2014_09_NYJ_KC,away,00-0029151,M.Simms,NYJ,6,-1.1196
2014,2014_09_OAK_SEA,away,00-0031280,D.Carr,LV,42,-3.3743
2014,2014_09_OAK_SEA,home,00-0029263,R.Wilson,SEA,39,2.4635
2014,2014_09_PHI_HOU,away,00-0029567,N.Foles,PHI,15,0.1816
2014,2014_09_PHI_HOU,home,00-0023682,R.Fitzpatrick,HOU,37,3.515
2014,2014_09_PHI_HOU,away,00-0026898,M.Sanchez,PHI,28,4.6239
2014,2014_09_SD_MIA,away,00-0022942,P.Rivers,LAC,17,-0.7229
2014,2014_09_SD_MIA,home,00-0029701,R.Tannehill,MIA,27,14.0854
2014,2014_09_STL_SF,home,00-0027974,C.Kaepernick,SF,47,-2.9377
2014,2014_09_STL_SF,away,00-0028957,A.Davis,LA,27,-5.8619
2014,2014_09_TB_CLE,away,00-0030520,M.Glennon,TB,42,-2.6922
2014,2014_09_TB_CLE,home,00-0026625,B.Hoyer,CLE,40,-4.255
2014,2014_09_WAS_MIN,home,00-0031237,T.Bridgewater,MIN,47,9.439
2014,2014_09_WAS_MIN,away,00-0029665,R.Griffin III,WAS,38,6.8316
2014,2014_10_ATL_TB,home,00-0021206,J.McCown,TB,45,10.6035
2014,2014_10_ATL_TB,away,00-0026143,M.Ryan,ATL,38,13.6386
2014,2014_10_CAR_PHI,home,00-0026898,M.Sanchez,PHI,22,3.65
2014,2014_10_CAR_PHI,away,00-0027939,C.Newton,CAR,21,-11.6572
2014,2014_10_CHI_GB,away,00-0024226,J.Cutler,CHI,15,-7.733
2014,2014_10_CHI_GB,home,00-0023459,A.Rodgers,GB,15,16.1868
2014,2014_10_CLE_CIN,home,00-0027973,A.Dalton,CIN,27,-13.3444
2014,2014_10_CLE_CIN,away,00-0026625,B.Hoyer,CLE,22,8.6354
2014,2014_10_DAL_JAX,away,00-0021678,T.Romo,DAL,24,7.8094
2014,2014_10_DAL_JAX,home,00-0031407,B.Bortles,JAX,22,3.35
2014,2014_10_DEN_OAK,away,00-0010346,P.Manning,DEN,41,11.0211
2014,2014_10_DEN_OAK,home,00-0031280,D.Carr,LV,28,-12.9665
2014,2014_10_KC_BUF,away,00-0023436,A.Smith,KC,37,-3.0493
2014,2014_10_KC_BUF,home,00-0023541,K.Orton,BUF,53,-3.2358
2014,2014_10_MIA_DET,home,00-0026498,M.Stafford,DET,46,3.1745
2014,2014_10_MIA_DET,home,00-0030092,S.Martin,DET,2,1.8563
2014,2014_10_MIA_DET,away,00-0029701,R.Tannehill,MIA,42,-0.2036
2014,2014_10_NYG_SEA,away,00-0022803,E.Manning,NYG,41,5.2768
2014,2014_10_NYG_SEA,home,00-0029263,R.Wilson,SEA,21,2.5446
2014,2014_10_PIT_NYJ,home,00-0020245,M.Vick,NYJ,24,7.5786
2014,2014_10_PIT_NYJ,away,00-0022924,B.Roethlisberger,PIT,38,-4.3661
2014,2014_10_SF_NO,home,00-0020531,D.Brees,NO,50,-2.3614
2014,2014_10_SF_NO,away,00-0027974,C.Kaepernick,SF,38,-3.673
2014,2014_10_STL_ARI,away,00-0028957,A.Davis,LA,29,-17.7072
2014,2014_10_STL_ARI,home,00-0021429,C.Palmer,ARI,40,-2.3385
2014,2014_10_STL_ARI,home,00-0025430,D.Stanton,ARI,6,4.3806
2014,2014_10_TEN_BAL,away,00-0031266,Z.Mettenberger,TEN,28,-4.0281
2014,2014_10_TEN_BAL,home,00-0026158,J.Flacco,BAL,28,4.3948
2014,2014_11_ATL_CAR,away,00-0026143,M.Ryan,ATL,47,3.2557
2014,2014_11_ATL_CAR,home,00-0027939,C.Newton,CAR,41,-2.203
2014,2014_11_BUF_MIA,home,00-0029701,R.Tannehill,MIA,42,6.6978
2014,2014_11_BUF_MIA,away,00-0023541,K.Orton,BUF,37,1.5068
2014,2014_11_CIN_NO,home,00-0020531,D.Brees,NO,33,7.5302
2014,2014_11_CIN_NO,away,00-0027973,A.Dalton,CIN,26,21.0495
2014,2014_11_DEN_STL,home,00-0020679,S.Hill,LA,32,-0.5425
2014,2014_11_DEN_STL,away,00-0010346,P.Manning,DEN,51,-10.5626
2014,2014_11_DET_ARI,home,00-0025430,D.Stanton,ARI,35,7.8052
2014,2014_11_DET_ARI,away,00-0026498,M.Stafford,DET,37,-6.9446
2014,2014_11_HOU_CLE,away,00-0028012,R.Mallett,HOU,32,7.168
2014,2014_11_HOU_CLE,home,00-0026625,B.Hoyer,CLE,44,-9.829
2014,2014_11_MIN_CHI,away,00-0031237,T.Bridgewater,MIN,33,-3.884
2014,2014_11_MIN_CHI,home,00-0024226,J.Cutler,CHI,47,12.7288
2014,2014_11_NE_IND,home,00-0029668,A.Luck,IND,36,5.994
2014,2014_11_NE_IND,away,00-0019596,T.Brady,NE,31,9.8593
2014,2014_11_OAK_SD,home,00-0022942,P.Rivers,LAC,39,-8.3202
2014,2014_11_OAK_SD,away,00-0031280,D.Carr,LV,36,-9.7
2014,2014_11_PHI_GB,home,00-0023459,A.Rodgers,GB,28,20.6902
2014,2014_11_PHI_GB,away,00-0026898,M.Sanchez,PHI,14,-3.3872
2014,2014_11_PIT_TEN,home,00-0031266,Z.Mettenberger,TEN,24,5.9034
2014,2014_11_PIT_TEN,away,00-0022924,B.Roethlisberger,PIT,38,5.8138
2014,2014_11_SEA_KC,away,00-0029263,R.Wilson,SEA,42,4.4616
2014,2014_11_SEA_KC,home,00-0023436,A.Smith,KC,18,2.2349
2014,2014_11_SF_NYG,away,00-0027974,C.Kaepernick,SF,33,9.1794
2014,2014_11_SF_NYG,home,00-0022803,E.Manning,NYG,49,-13.4722
2014,2014_11_SF_NYG,away,00-0022824,A.Lee,SF,1,-3.401
2014,2014_11_TB_WAS,home,00-0029665,R.Griffin III,WAS,30,-10.5934
2014,2014_11_TB_WAS,away,00-0021206,J.McCown,TB,24,13.2892
2014,2014_12_ARI_SEA,away,00-0025430,D.Stanton,ARI,33,-6.9959
2014,2014_12_ARI_SEA,home,00-0029263,R.Wilson,SEA,25,-1.5751
2014,2014_12_BAL_NO,home,00-0020531,D.Brees,NO,42,9.169
2014,2014_12_BAL_NO,away,00-0026158,J.Flacco,BAL,27,11.6198
2014,2014_12_CIN_HOU,away,00-0027973,A.Dalton,CIN,40,5.8273
2014,2014_12_CIN_HOU,home,00-0028012,R.Mallett,HOU,36,-8.0561
2014,2014_12_CLE_ATL,home,00-0026143,M.Ryan,ATL,50,2.7694
2014,2014_12_CLE_ATL,away,00-0026625,B.Hoyer,CLE,44,6.1445
2014,2014_12_CLE_ATL,away,00-0029664,J.Gordon,CLE,1,-0.7762
2014,2014_12_DAL_NYG,away,00-0021678,T.Romo,DAL,28,12.6695
2014,2014_12_DAL_NYG,home,00-0022803,E.Manning,NYG,42,16.8177
2014,2014_12_DET_NE,away,00-0026498,M.Stafford,DET,29,-0.1515
2014,2014_12_DET_NE,home,00-0019596,T.Brady,NE,41,11.6636
2014,2014_12_GB_MIN,away,00-0023459,A.Rodgers,GB,35,14.6182
2014,2014_12_GB_MIN,home,00-0031237,T.Bridgewater,MIN,47,-2.771
2014,2014_12_JAX_IND,home,00-0029668,A.Luck,IND,30,-3.8879
2014,2014_12_JAX_IND,away,00-0031407,B.Bortles,JAX,15,-16.1664
2014,2014_12_KC_OAK,away,00-0023436,A.Smith,KC,42,-0.6781
2014,2014_12_KC_OAK,home,00-0031280,D.Carr,LV,38,0.9026
2014,2014_12_MIA_DEN,away,00-0029701,R.Tannehill,MIA,38,10.8681
2014,2014_12_MIA_DEN,home,00-0010346,P.Manning,DEN,38,16.8248
2014,2014_12_NYJ_BUF,away,00-0020245,M.Vick,NYJ,25,-17.6745
2014,2014_12_NYJ_BUF,home,00-0023541,K.Orton,BUF,32,12.5142
2014,2014_12_STL_SD,home,00-0022942,P.Rivers,LAC,38,1.2041
2014,2014_12_STL_SD,away,00-0020679,S.Hill,LA,40,-8.1179
2014,2014_12_STL_SD,away,00-0028872,J.Hekker,LA,1,3.4684
2014,2014_12_TB_CHI,home,00-0024226,J.Cutler,CHI,30,-13.3843
2014,2014_12_TB_CHI,away,00-0021206,J.McCown,TB,54,-9.5374
2014,2014_12_TEN_PHI,away,00-0031266,Z.Mettenberger,TEN,25,-1.3175
2014,2014_12_TEN_PHI,home,00-0026898,M.Sanchez,PHI,36,5.282
2014,2014_12_WAS_SF,away,00-0029665,R.Griffin III,WAS,27,-13.7157
2014,2014_12_WAS_SF,home,00-0027974,C.Kaepernick,SF,36,9.4482
2014,2014_12_WAS_SF,away,00-0026345,P.Garcon,WAS,1,-0.6566
2014,2014_13_ARI_ATL,home,00-0026143,M.Ryan,ATL,42,10.006
2014,2014_13_ARI_ATL,away,00-0025430,D.Stanton,ARI,31,-11.1105
2014,2014_13_CAR_MIN,away,00-0027939,C.Newton,CAR,30,-6.7069
2014,2014_13_CAR_MIN,home,00-0031237,T.Bridgewater,MIN,19,9.5461
2014,2014_13_CHI_DET,home,00-0026498,M.Stafford,DET,40,15.886
2014,2014_13_CHI_DET,away,00-0024226,J.Cutler,CHI,43,2.7948
2014,2014_13_CIN_TB,away,00-0027973,A.Dalton,CIN,32,-7.5251
2014,2014_13_CIN_TB,home,00-0021206,J.McCown,TB,35,-4.3215
2014,2014_13_CIN_TB,away,00-0029632,M.Sanu,CIN,1,0.4841
2014,2014_13_CLE_BUF,away,00-0026625,B.Hoyer,CLE,35,-8.7104
2014,2014_13_CLE_BUF,home,00-0023541,K.Orton,BUF,32,-6.3912
2014,2014_13_CLE_BUF,away,00-0031409,J.Manziel,CLE,2,2.0429
2014,2014_13_DEN_KC,home,00-0023436,A.Smith,KC,25,-9.2883
2014,2014_13_DEN_KC,away,00-0010346,P.Manning,DEN,36,2.4878
2014,2014_13_MIA_NYJ,home,00-0030565,G.Smith,NYJ,18,-4.3511
2014,2014_13_MIA_NYJ,away,00-0029701,R.Tannehill,MIA,39,-1.7828
2014,2014_13_NE_GB,home,00-0023459,A.Rodgers,GB,45,17.7734
2014,2014_13_NE_GB,away,00-0019596,T.Brady,NE,38,12.5195
2014,2014_13_NO_PIT,home,00-0022924,B.Roethlisberger,PIT,36,4.1356
2014,2014_13_NO_PIT,away,00-0020531,D.Brees,NO,30,14.461
2014,2014_13_NYG_JAX,away,00-0022803,E.Manning,NYG,38,-2.7916
2014,2014_13_NYG_JAX,home,00-0031407,B.Bortles,JAX,44,-4.6091
2014,2014_13_OAK_STL,away,00-0031280,D.Carr,LV,12,-2.8619
2014,2014_13_OAK_STL,home,00-0020679,S.Hill,LA,12,11.2292
2014,2014_13_PHI_DAL,away,00-0026898,M.Sanchez,PHI,32,13.2923
2014,2014_13_PHI_DAL,home,00-0021678,T.Romo,DAL,20,-8.5049
2014,2014_13_SD_BAL,home,00-0026158,J.Flacco,BAL,39,17.738
2014,2014_13_SD_BAL,away,00-0022942,P.Rivers,LAC,57,20.14
2014,2014_13_SEA_SF,home,00-0027974,C.Kaepernick,SF,32,-13.0296
2014,2014_13_SEA_SF,away,00-0029263,R.Wilson,SEA,28,6.5676
2014,2014_13_TEN_HOU,home,00-0023682,R.Fitzpatrick,HOU,28,22.4628
2014,2014_13_TEN_HOU,away,00-0031266,Z.Mettenberger,TEN,22,2.0737
2014,2014_13_TEN_HOU,away,00-0027946,J.Locker,TEN,4,-5.7709
2014,2014_13_WAS_IND,home,00-0029668,A.Luck,IND,25,9.6627
2014,2014_13_WAS_IND,away,00-0027688,C.McCoy,WAS,42,7.2864
2014,2014_14_ATL_GB,home,00-0023459,A.Rodgers,GB,40,22.2606
2014,2014_14_ATL_GB,away,00-0026143,M.Ryan,ATL,38,11.8136
2014,2014_14_BAL_MIA,away,00-0026158,J.Flacco,BAL,34,12.3945
2014,2014_14_BAL_MIA,home,00-0029701,R.Tannehill,MIA,36,-2.1727
2014,2014_14_BUF_DEN,away,00-0023541,K.Orton,BUF,31,-12.1367
2014,2014_14_BUF_DEN,home,00-0010346,P.Manning,DEN,18,-2.1088
2014,2014_14_CAR_NO,away,00-0027939,C.Newton,CAR,24,7.2582
2014,2014_14_CAR_NO,home,00-0020531,D.Brees,NO,20,-14.183
2014,2014_14_DAL_CHI,away,00-0021678,T.Romo,DAL,25,15.4911
2014,2014_14_DAL_CHI,home,00-0024226,J.Cutler,CHI,25,0.5799
2014,2014_14_HOU_JAX,away,00-0023682,R.Fitzpatrick,HOU,24,3.0516
2014,2014_14_HOU_JAX,home,00-0031407,B.Bortles,JAX,44,-3.4651
2014,2014_14_HOU_JAX,home,00-0030547,D.Robinson,JAX,1,-1.7546
2014,2014_14_IND_CLE,home,00-0026625,B.Hoyer,CLE,34,-10.4093
2014,2014_14_IND_CLE,away,00-0029668,A.Luck,IND,63,-10.9274
2014,2014_14_KC_ARI,home,00-0025430,D.Stanton,ARI,38,7.4964
2014,2014_14_KC_ARI,away,00-0023436,A.Smith,KC,49,-4.0642
2014,2014_14_NE_SD,home,00-0022942,P.Rivers,LAC,39,-6.9958
2014,2014_14_NE_SD,away,00-0019596,T.Brady,NE,51,4.9077
2014,2014_14_NYG_TEN,away,00-0022803,E.Manning,NYG,29,11.8206
2014,2014_14_NYG_TEN,away,00-0031235,O.Beckham,NYG,1,-0.4858
2014,2014_14_NYG_TEN,home,00-0031266,Z.Mettenberger,TEN,18,-9.6276
2014,2014_14_NYJ_MIN,away,00-0030565,G.Smith,NYJ,38,10.1071
2014,2014_14_NYJ_MIN,home,00-0031237,T.Bridgewater,MIN,33,12.936
2014,2014_14_PIT_CIN,away,00-0022924,B.Roethlisberger,PIT,38,14.9326
2014,2014_14_PIT_CIN,home,00-0027973,A.Dalton,CIN,32,9.6129
2014,2014_14_PIT_CIN,home,00-0023460,J.Campbell,CIN,1,-1.0406
2014,2014_14_SEA_PHI,away,00-0029263,R.Wilson,SEA,44,8.8123
2014,2014_14_SEA_PHI,home,00-0026898,M.Sanchez,PHI,25,-8.9002
2014,2014_14_SF_OAK,away,00-0027974,C.Kaepernick,SF,40,2.1445
2014,2014_14_SF_OAK,home,00-0031280,D.Carr,LV,32,15.4388
2014,2014_14_STL_WAS,home,00-0027688,C.McCoy,WAS,22,-6.9124
2014,2014_14_STL_WAS,away,00-0020679,S.Hill,LA,30,8.2181
2014,2014_14_TB_DET,home,00-0026498,M.Stafford,DET,37,14.2619
2014,2014_14_TB_DET,away,00-0021206,J.McCown,TB,41,0.4104
2014,2014_15_ARI_STL,away,00-0025430,D.Stanton,ARI,26,-4.5126
2014,2014_15_ARI_STL,home,00-0020679,S.Hill,LA,45,-11.8693
2014,2014_15_ARI_STL,away,00-0029531,R.Lindley,ARI,10,-5.3617
2014,2014_15_CIN_CLE,away,00-0027973,A.Dalton,CIN,21,-4.2584
2014,2014_15_CIN_CLE,home,00-0031409,J.Manziel,CLE,18,-14.6338
2014,2014_15_DAL_PHI,away,00-0021678,T.Romo,DAL,40,21.0539
2014,2014_15_DAL_PHI,home,00-0026898,M.Sanchez,PHI,31,-0.5959
2014,2014_15_DEN_SD,away,00-0010346,P.Manning,DEN,23,16.9512
2014,2014_15_DEN_SD,home,00-0022942,P.Rivers,LAC,37,-3.3344
2014,2014_15_DEN_SD,away,00-0029682,B.Osweiler,DEN,2,-1.2391
2014,2014_15_GB_BUF,away,00-0023459,A.Rodgers,GB,47,-10.8383
2014,2014_15_GB_BUF,home,00-0023541,K.Orton,BUF,34,-11.9515
2014,2014_15_HOU_IND,home,00-0029668,A.Luck,IND,44,-9.3137
2014,2014_15_HOU_IND,away,00-0023682,R.Fitzpatrick,HOU,9,-1.5619
2014,2014_15_HOU_IND,away,00-0031064,T.Savage,HOU,23,-0.0099
2014,2014_15_JAX_BAL,away,00-0031407,B.Bortles,JAX,44,-12.6712
2014,2014_15_JAX_BAL,home,00-0026158,J.Flacco,BAL,34,6.152
2014,2014_15_JAX_BAL,away,00-0029692,B.Anger,JAX,1,3.7498
2014,2014_15_MIA_NE,away,00-0029701,R.Tannehill,MIA,28,1.4398
2014,2014_15_MIA_NE,home,00-0019596,T.Brady,NE,28,5.5894
2014,2014_15_MIN_DET,home,00-0026498,M.Stafford,DET,30,-4.7418
2014,2014_15_MIN_DET,away,00-0031237,T.Bridgewater,MIN,48,-0.8513
2014,2014_15_NO_CHI,home,00-0024226,J.Cutler,CHI,22,-17.3207
2014,2014_15_NO_CHI,away,00-0020531,D.Brees,NO,32,17.6652
2014,2014_15_NYJ_TEN,home,00-0027946,J.Locker,TEN,13,-1.2275
2014,2014_15_NYJ_TEN,away,00-0030565,G.Smith,NYJ,36,1.3385
2014,2014_15_NYJ_TEN,home,00-0024296,C.Whitehurst,TEN,28,-2.1918
2014,2014_15_OAK_KC,home,00-0023436,A.Smith,KC,32,2.8226
2014,2014_15_OAK_KC,away,00-0031280,D.Carr,LV,34,-14.0253
2014,2014_15_PIT_ATL,away,00-0022924,B.Roethlisberger,PIT,35,16.0117
2014,2014_15_PIT_ATL,home,00-0026143,M.Ryan,ATL,42,10.6449
2014,2014_15_SF_SEA,away,00-0027974,C.Kaepernick,SF,28,-2.0759
2014,2014_15_SF_SEA,home,00-0029263,R.Wilson,SEA,33,1.3744
2014,2014_15_TB_CAR,home,00-0023645,D.Anderson,CAR,47,8.4904
2014,2014_15_TB_CAR,away,00-0021206,J.McCown,TB,34,-4.9607
2014,2014_15_WAS_NYG,home,00-0022803,E.Manning,NYG,39,9.9384
2014,2014_15_WAS_NYG,away,00-0027688,C.McCoy,WAS,8,0.564
2014,2014_15_WAS_NYG,away,00-0029665,R.Griffin III,WAS,35,-3.3202
2014,2014_16_ATL_NO,away,00-0026143,M.Ryan,ATL,41,18.5733
2014,2014_16_ATL_NO,home,00-0020531,D.Brees,NO,47,-9.729
2014,2014_16_BAL_HOU,home,00-0028986,C.Keenum,HOU,42,-5.311
2014,2014_16_BAL_HOU,away,00-0026158,J.Flacco,BAL,41,-23.4005
2014,2014_16_BAL_HOU,home,00-0026796,A.Foster,HOU,1,1.3072
2014,2014_16_BUF_OAK,home,00-0031280,D.Carr,LV,35,0.9125
2014,2014_16_BUF_OAK,away,00-0023541,K.Orton,BUF,52,2.7727
2014,2014_16_CLE_CAR,home,00-0027939,C.Newton,CAR,39,9.4007
2014,2014_16_CLE_CAR,away,00-0031409,J.Manziel,CLE,9,-0.129
2014,2014_16_CLE_CAR,away,00-0026625,B.Hoyer,CLE,19,-0.9063
2014,2014_16_DEN_CIN,home,00-0027973,A.Dalton,CIN,27,-0.8818
2014,2014_16_DEN_CIN,away,00-0010346,P.Manning,DEN,50,-6.7387
2014,2014_16_DET_CHI,home,00-0027659,J.Clausen,CHI,44,-2.7171
2014,2014_16_DET_CHI,away,00-0026498,M.Stafford,DET,47,5.9463
2014,2014_16_GB_TB,home,00-0021206,J.McCown,TB,29,-11.4242
2014,2014_16_GB_TB,away,00-0023459,A.Rodgers,GB,38,9.0907
2014,2014_16_IND_DAL,home,00-0021678,T.Romo,DAL,15,17.8996
2014,2014_16_IND_DAL,away,00-0027145,P.McAfee,IND,1,-2.495
2014,2014_16_IND_DAL,away,00-0029668,A.Luck,IND,5,-3.5065
2014,2014_16_KC_PIT,home,00-0022924,B.Roethlisberger,PIT,28,11.3701
2014,2014_16_KC_PIT,away,00-0023436,A.Smith,KC,54,4.6958
2014,2014_16_KC_PIT,away,00-0023534,D.Colquitt,KC,1,2.593
2014,2014_16_MIN_MIA,home,00-0029701,R.Tannehill,MIA,54,27.6167
2014,2014_16_MIN_MIA,away,00-0031237,T.Bridgewater,MIN,36,10.3758
2014,2014_16_NE_NYJ,home,00-0030565,G.Smith,NYJ,32,1.9847
2014,2014_16_NE_NYJ,away,00-0019596,T.Brady,NE,42,-4.1813
2014,2014_16_NYG_STL,away,00-0022803,E.Manning,NYG,29,20.6506
2014,2014_16_NYG_STL,home,00-0020679,S.Hill,LA,28,2.3525
2014,2014_16_PHI_WAS,away,00-0026898,M.Sanchez,PHI,60,17.4992
2014,2014_16_PHI_WAS,home,00-0029665,R.Griffin III,WAS,30,10.2417
2014,2014_16_SD_SF,home,00-0027974,C.Kaepernick,SF,33,4.6945
2014,2014_16_SD_SF,away,00-0022942,P.Rivers,LAC,60,9.9737
2014,2014_16_SEA_ARI,away,00-0029263,R.Wilson,SEA,32,13.4033
2014,2014_16_SEA_ARI,home,00-0029531,R.Lindley,ARI,36,-7.694
2014,2014_16_SEA_ARI,home,00-0031260,L.Thomas,ARI,1,-0.5338
2014,2014_16_TEN_JAX,away,00-0024296,C.Whitehurst,TEN,40,4.55
2014,2014_16_TEN_JAX,home,00-0031407,B.Bortles,JAX,36,1.1069
2014,2014_16_TEN_JAX,home,00-0028052,C.Shorts,JAX,1,0.7283
2014,2014_17_ARI_SF,away,00-0029531,R.Lindley,ARI,43,7.1642
2014,2014_17_ARI_SF,home,00-0027974,C.Kaepernick,SF,34,8.3047
2014,2014_17_ARI_SF,away,00-0030999,M.Grice,ARI,1,-0.4444
2014,2014_17_BUF_NE,away,00-0023541,K.Orton,BUF,25,5.0457
2014,2014_17_BUF_NE,home,00-0019596,T.Brady,NE,19,-2.3546
2014,2014_17_BUF_NE,home,00-0031345,J.Garoppolo,NE,25,-5.2035
2014,2014_17_CAR_ATL,away,00-0027939,C.Newton,CAR,18,6.1747
2014,2014_17_CAR_ATL,home,00-0026143,M.Ryan,ATL,25,-14.4431
2014,2014_17_CHI_MIN,away,00-0024226,J.Cutler,CHI,42,-4.4685
2014,2014_17_CHI_MIN,home,00-0031237,T.Bridgewater,MIN,32,2.0747
2014,2014_17_CIN_PIT,home,00-0022924,B.Roethlisberger,PIT,42,8.6529
2014,2014_17_CIN_PIT,away,00-0027973,A.Dalton,CIN,39,0.266
2014,2014_17_CIN_PIT,away,00-0029632,M.Sanu,CIN,1,-1.0321
2014,2014_17_CIN_PIT,home,00-0030142,B.Wing,PIT,1,-2.1128
2014,2014_17_CLE_BAL,home,00-0026158,J.Flacco,BAL,40,8.7416
2014,2014_17_CLE_BAL,away,00-0030661,C.Shaw,CLE,36,3.4355
2014,2014_17_DAL_WAS,away,00-0021678,T.Romo,DAL,27,19.2247
2014,2014_17_DAL_WAS,home,00-0029665,R.Griffin III,WAS,37,-6.1783
2014,2014_17_DET_GB,away,00-0026498,M.Stafford,DET,38,-1.9538
2014,2014_17_DET_GB,home,00-0023459,A.Rodgers,GB,25,20.254
2014,2014_17_DET_GB,home,00-0026349,M.Flynn,GB,2,-2.2778
2014,2014_17_IND_TEN,home,00-0024296,C.Whitehurst,TEN,35,-12.329
2014,2014_17_IND_TEN,away,00-0029668,A.Luck,IND,18,7.3518
2014,2014_17_IND_TEN,away,00-0007091,M.Hasselbeck,IND,18,4.3043
2014,2014_17_JAX_HOU,away,00-0031407,B.Bortles,JAX,43,-9.7293
2014,2014_17_JAX_HOU,home,00-0028986,C.Keenum,HOU,46,2.2472
2014,2014_17_JAX_HOU,away,00-0028052,C.Shorts,JAX,1,2.5938
2014,2014_17_NO_TB,home,00-0021206,J.McCown,TB,28,0.9456
2014,2014_17_NO_TB,away,00-0020531,D.Brees,NO,41,5.0794
2014,2014_17_NYJ_MIA,home,00-0029701,R.Tannehill,MIA,40,-3.7065
2014,2014_17_NYJ_MIA,away,00-0030565,G.Smith,NYJ,29,23.2437
2014,2014_17_NYJ_MIA,away,00-0028091,J.Kerley,NYJ,1,-1.3206
2014,2014_17_NYJ_MIA,away,00-0029493,R.Quigley,NYJ,1,4.4893
2014,2014_17_OAK_DEN,away,00-0031280,D.Carr,LV,26,-1.1115
2014,2014_17_OAK_DEN,home,00-0010346,P.Manning,DEN,31,8.1
2014,2014_17_PHI_NYG,home,00-0022803,E.Manning,NYG,55,2.6839
2014,2014_17_PHI_NYG,away,00-0026898,M.Sanchez,PHI,44,6.2324
2014,2014_17_SD_KC,away,00-0022942,P.Rivers,LAC,35,-7.6614
2014,2014_17_SD_KC,home,00-0026544,C.Daniel,KC,34,-7.5197
2014,2014_17_STL_SEA,away,00-0020679,S.Hill,LA,36,-11.2824
2014,2014_17_STL_SEA,home,00-0029263,R.Wilson,SEA,28,-7.2277
2014,2014_18_ARI_CAR,away,00-0029531,R.Lindley,ARI,27,-12.3028
2014,2014_18_ARI_CAR,home,00-0027939,C.Newton,CAR,39,0.7279
2014,2014_18_BAL_PIT,home,00-0022924,B.Roethlisberger,PIT,45,-0.6643
2014,2014_18_BAL_PIT,away,00-0026158,J.Flacco,BAL,34,17.5658
2014,2014_18_CIN_IND,home,00-0029668,A.Luck,IND,46,8.9974
2014,2014_18_CIN_IND,away,00-0027973,A.Dalton,CIN,27,-8.2701
2014,2014_18_DET_DAL,home,00-0021678,T.Romo,DAL,40,6.0329
2014,2014_18_DET_DAL,away,00-0026498,M.Stafford,DET,46,4.9228
2014,2014_19_BAL_NE,away,00-0026158,J.Flacco,BAL,49,14.8518
2014,2014_19_BAL_NE,home,00-0019596,T.Brady,NE,54,17.2171
2014,2014_19_BAL_NE,home,00-0027150,J.Edelman,NE,1,4.1976
2014,2014_19_CAR_SEA,away,00-0027939,C.Newton,CAR,33,-5.0465
2014,2014_19_CAR_SEA,home,00-0029263,R.Wilson,SEA,25,11.6828
2014,2014_19_DAL_GB,away,00-0021678,T.Romo,DAL,27,9.2626
2014,2014_19_DAL_GB,home,00-0023459,A.Rodgers,GB,39,13.2711
2014,2014_19_IND_DEN,away,00-0029668,A.Luck,IND,48,11.1436
2014,2014_19_IND_DEN,home,00-0010346,P.Manning,DEN,42,-12.5589
2014,2014_20_GB_SEA,away,00-0023459,A.Rodgers,GB,40,-4.4195
2014,2014_20_GB_SEA,home,00-0029263,R.Wilson,SEA,37,-11.5617
2014,2014_20_GB_SEA,home,00-0023742,J.Ryan,SEA,1,4.4253
2014,2014_20_IND_NE,away,00-0029668,A.Luck,IND,26,1.2954
2014,2014_20_IND_NE,home,00-0019596,T.Brady,NE,30,5.2916
2014,2014_21_NE_SEA,away,00-0019596,T.Brady,NE,53,14.6387
2014,2014_21_NE_SEA,home,00-0029263,R.Wilson,SEA,26,8.1723
