season,game_id,team,opp,plays,yards,pass_plays,pass_yards,rush_plays,rush_yards,epa,pass_epa,rush_epa,succ,sacks,ints,fumbles,to_epa,third_conv,third_att,fourth_conv,fourth_att,rz_trips,rz_td
2026,2026_01_ARI_LAC,ARI,LAC,69,396.0,38,277.0,31,119.0,9.9459,9.0129,0.933,34.0,1.0,0.0,0.0,0.0,6.0,14.0,0.0,0.0,5.0,2.0
2026,2026_01_ARI_LAC,LAC,ARI,51,268.0,30,187.0,21,81.0,-12.4419,-5.6077,-6.8342,20.0,3.0,1.0,1.0,-7.5454,2.0,8.0,0.0,3.0,3.0,2.0
2026,2026_01_ATL_PIT,PIT,ATL,61,267.0,43,206.0,18,61.0,-18.4694,-13.9297,-4.5397,20.0,2.0,0.0,1.0,-5.1298,3.0,13.0,0.0,2.0,2.0,1.0
2026,2026_01_ATL_PIT,ATL,PIT,57,238.0,26,118.0,31,120.0,-18.2973,-15.7645,-2.5328,22.0,4.0,2.0,0.0,-13.0456,2.0,12.0,0.0,0.0,0.0,0.0
2026,2026_01_BAL_IND,IND,BAL,53,251.0,33,149.0,20,102.0,-12.7855,-15.233,2.4475,22.0,2.0,1.0,1.0,-9.5449,3.0,10.0,0.0,1.0,3.0,3.0
2026,2026_01_BAL_IND,BAL,IND,60,509.0,26,304.0,34,205.0,19.289,9.7768,9.5122,30.0,2.0,0.0,1.0,-6.2806,3.0,9.0,0.0,1.0,4.0,3.0
2026,2026_01_BUF_HOU,BUF,HOU,51,410.0,31,323.0,20,87.0,12.8684,15.482,-2.6136,21.0,2.0,0.0,0.0,0.0,3.0,9.0,0.0,1.0,3.0,1.0
2026,2026_01_BUF_HOU,HOU,BUF,73,381.0,41,257.0,32,124.0,5.0303,1.4964,3.5338,34.0,3.0,0.0,2.0,-6.9957,7.0,16.0,2.0,2.0,5.0,4.0
2026,2026_01_CHI_CAR,CHI,CAR,70,552.0,31,261.0,39,291.0,28.6567,13.9253,14.7315,38.0,2.0,0.0,2.0,1.3833,10.0,14.0,0.0,1.0,4.0,4.0
2026,2026_01_CHI_CAR,CAR,CHI,62,478.0,40,353.0,22,125.0,11.2552,10.0423,1.2129,30.0,2.0,1.0,1.0,-4.2489,4.0,9.0,0.0,1.0,4.0,4.0
2026,2026_01_CLE_JAX,CLE,JAX,49,272.0,27,185.0,22,87.0,-9.0293,-9.835,0.8058,22.0,5.0,1.0,1.0,-10.6571,1.0,8.0,1.0,2.0,2.0,0.0
2026,2026_01_CLE_JAX,JAX,CLE,53,363.0,24,234.0,29,129.0,17.9229,19.0215,-1.0986,32.0,1.0,0.0,0.0,0.0,5.0,10.0,0.0,0.0,2.0,2.0
2026,2026_01_DAL_NYG,DAL,NYG,52,244.0,34,175.0,18,69.0,11.4748,10.3809,1.0939,24.0,0.0,1.0,0.0,-1.975,8.0,11.0,0.0,0.0,3.0,3.0
2026,2026_01_DAL_NYG,NYG,DAL,65,399.0,31,229.0,34,170.0,23.9771,21.9125,2.0647,39.0,2.0,0.0,1.0,-3.1831,9.0,11.0,0.0,0.0,4.0,4.0
2026,2026_01_DEN_KC,DEN,KC,46,177.0,32,115.0,14,62.0,-15.8173,-14.3814,-1.4359,17.0,4.0,1.0,1.0,-6.603,2.0,12.0,0.0,1.0,2.0,1.0
2026,2026_01_DEN_KC,KC,DEN,64,396.0,29,172.0,35,224.0,10.5233,-2.3018,12.8252,27.0,2.0,1.0,0.0,-5.7782,9.0,17.0,2.0,3.0,5.0,3.0
2026,2026_01_GB_MIN,MIN,GB,58,242.0,27,132.0,31,110.0,-2.2093,-0.5342,-1.6751,20.0,3.0,1.0,0.0,-4.0739,8.0,15.0,0.0,0.0,5.0,4.0
2026,2026_01_GB_MIN,GB,MIN,67,419.0,46,353.0,21,66.0,-11.7133,-2.7036,-9.0097,26.0,4.0,1.0,1.0,-12.4526,3.0,12.0,0.0,2.0,4.0,1.0
2026,2026_01_MIA_LV,MIA,LV,50,259.0,32,185.0,18,74.0,-11.7945,-9.2299,-2.5646,17.0,5.0,1.0,1.0,-4.1347,2.0,10.0,0.0,1.0,2.0,1.0
2026,2026_01_MIA_LV,LV,MIA,64,296.0,30,160.0,34,136.0,-2.5055,0.3932,-2.8987,27.0,0.0,2.0,0.0,-9.3092,5.0,13.0,1.0,1.0,4.0,3.0
2026,2026_01_NE_SEA,SEA,NE,47,286.0,26,188.0,21,98.0,3.0834,4.3684,-1.2851,19.0,2.0,0.0,0.0,0.0,2.0,11.0,1.0,1.0,2.0,0.0
2026,2026_01_NE_SEA,NE,SEA,67,277.0,36,168.0,31,109.0,-7.3451,-4.6214,-2.7237,28.0,3.0,3.0,0.0,-8.4763,5.0,16.0,2.0,2.0,2.0,1.0
2026,2026_01_NO_DET,DET,NO,73,369.0,40,204.0,33,165.0,0.0299,0.7371,-0.7072,33.0,1.0,0.0,1.0,-5.24,5.0,13.0,0.0,0.0,5.0,4.0
2026,2026_01_NO_DET,NO,DET,85,469.0,60,378.0,25,91.0,-1.6912,-0.035,-1.6562,36.0,5.0,2.0,1.0,-14.843,8.0,17.0,2.0,2.0,5.0,4.0
2026,2026_01_NYJ_TEN,NYJ,TEN,60,370.0,24,215.0,36,155.0,10.101,9.7549,0.3462,30.0,0.0,0.0,0.0,0.0,2.0,12.0,2.0,2.0,3.0,2.0
2026,2026_01_NYJ_TEN,TEN,NYJ,49,195.0,35,127.0,14,68.0,-5.8126,-7.3513,1.5387,22.0,3.0,0.0,1.0,-3.9915,4.0,12.0,0.0,0.0,1.0,1.0
2026,2026_01_SF_LA,LA,SF,56,291.0,28,168.0,28,123.0,-14.8198,-11.0279,-3.7919,24.0,0.0,1.0,1.0,-8.3354,2.0,9.0,1.0,3.0,3.0,1.0
2026,2026_01_SF_LA,SF,LA,64,379.0,34,205.0,30,174.0,11.4411,4.8256,6.6155,36.0,0.0,1.0,0.0,-4.5741,7.0,12.0,0.0,0.0,3.0,2.0
2026,2026_01_TB_CIN,TB,CIN,51,283.0,32,193.0,19,90.0,-9.4459,-7.9123,-1.5336,24.0,4.0,0.0,4.0,-20.6997,5.0,10.0,0.0,0.0,4.0,2.0
2026,2026_01_TB_CIN,CIN,TB,62,352.0,36,245.0,26,107.0,-0.0967,-2.627,2.5302,29.0,1.0,1.0,0.0,-7.4841,8.0,14.0,0.0,0.0,5.0,2.0
2026,2026_01_WAS_PHI,WAS,PHI,67,295.0,35,163.0,32,132.0,5.02,4.8528,0.1671,29.0,1.0,0.0,0.0,0.0,5.0,15.0,2.0,2.0,3.0,3.0
2026,2026_01_WAS_PHI,PHI,WAS,51,320.0,28,182.0,23,138.0,3.6218,1.2734,2.3485,18.0,3.0,0.0,0.0,0.0,6.0,14.0,0.0,0.0,3.0,2.0
2026,2026_02_CAR_ATL,ATL,CAR,67,286.0,35,129.0,32,157.0,-31.7158,-25.0507,-6.6651,24.0,3.0,3.0,2.0,-28.1539,4.0,13.0,1.0,2.0,0.0,0.0
2026,2026_02_CAR_ATL,CAR,ATL,59,344.0,38,272.0,21,72.0,8.3839,11.07,-2.6862,26.0,2.0,0.0,0.0,0.0,6.0,14.0,1.0,2.0,6.0,3.0
2026,2026_02_CIN_HOU,CIN,HOU,58,268.0,36,182.0,22,86.0,-5.3315,-0.5477,-4.7838,18.0,5.0,0.0,0.0,0.0,5.0,15.0,0.0,0.0,1.0,1.0
2026,2026_02_CIN_HOU,HOU,CIN,76,374.0,58,314.0,18,60.0,-18.7977,-9.1085,-9.6892,25.0,4.0,0.0,0.0,0.0,5.0,17.0,0.0,4.0,4.0,0.0
2026,2026_02_CLE_TB,CLE,TB,53,269.0,32,223.0,21,46.0,0.4964,10.3738,-9.8774,23.0,2.0,0.0,0.0,0.0,5.0,13.0,0.0,1.0,3.0,1.0
2026,2026_02_CLE_TB,TB,CLE,62,313.0,37,176.0,25,137.0,-9.0548,-13.5606,4.5058,24.0,3.0,1.0,0.0,-6.1716,7.0,16.0,0.0,1.0,4.0,1.0
2026,2026_02_DET_BUF,BUF,DET,66,449.0,33,243.0,33,206.0,28.6861,15.0488,13.6373,38.0,2.0,0.0,0.0,0.0,9.0,12.0,0.0,0.0,5.0,5.0
2026,2026_02_DET_BUF,DET,BUF,62,355.0,42,289.0,20,66.0,14.4095,18.5763,-4.1668,30.0,4.0,0.0,0.0,0.0,4.0,11.0,2.0,2.0,3.0,3.0
2026,2026_02_GB_NYJ,GB,NYJ,50,199.0,32,136.0,18,63.0,-11.1091,-3.1685,-7.9406,16.0,3.0,0.0,1.0,-4.9875,1.0,9.0,0.0,1.0,3.0,2.0
2026,2026_02_GB_NYJ,NYJ,GB,71,285.0,44,218.0,27,67.0,-7.5375,4.3042,-11.8417,27.0,4.0,0.0,0.0,0.0,8.0,19.0,0.0,1.0,3.0,2.0
2026,2026_02_IND_KC,IND,KC,63,329.0,31,210.0,32,119.0,9.7322,5.8864,3.8458,30.0,0.0,1.0,0.0,-4.687,5.0,12.0,2.0,2.0,3.0,2.0
2026,2026_02_IND_KC,KC,IND,78,523.0,49,371.0,29,152.0,17.8582,13.4246,4.4336,43.0,2.0,0.0,0.0,0.0,5.0,13.0,2.0,2.0,5.0,3.0
2026,2026_02_JAX_DEN,DEN,JAX,56,395.0,31,288.0,25,107.0,6.9694,8.4309,-1.4614,27.0,0.0,1.0,0.0,-4.3319,4.0,11.0,0.0,0.0,4.0,2.0
2026,2026_02_JAX_DEN,JAX,DEN,55,268.0,31,173.0,24,95.0,-2.6161,-4.1151,1.4989,24.0,2.0,1.0,0.0,-3.4113,5.0,12.0,0.0,0.0,2.0,1.0
2026,2026_02_LV_LAC,LAC,LV,62,310.0,30,183.0,32,127.0,-16.1868,-0.5631,-15.6237,22.0,3.0,2.0,1.0,-15.3596,5.0,14.0,0.0,0.0,2.0,2.0
2026,2026_02_LV_LAC,LV,LAC,57,308.0,31,248.0,26,60.0,-5.5,5.9727,-11.4727,20.0,2.0,1.0,0.0,-4.8378,4.0,14.0,1.0,2.0,3.0,2.0
2026,2026_02_MIA_SF,MIA,SF,56,284.0,27,182.0,29,102.0,-0.0561,4.4539,-4.51,23.0,4.0,0.0,0.0,0.0,7.0,15.0,1.0,2.0,2.0,0.0
2026,2026_02_MIA_SF,SF,MIA,47,384.0,22,287.0,25,97.0,21.6411,23.3304,-1.6893,27.0,0.0,0.0,0.0,0.0,5.0,7.0,0.0,0.0,5.0,5.0
2026,2026_02_MIN_CHI,MIN,CHI,51,246.0,23,127.0,28,119.0,-3.9723,0.5133,-4.4856,17.0,3.0,0.0,0.0,0.0,3.0,13.0,1.0,1.0,1.0,0.0
2026,2026_02_MIN_CHI,CHI,MIN,69,297.0,38,163.0,31,134.0,-8.6491,-3.6901,-4.9589,22.0,4.0,1.0,1.0,-7.541,5.0,15.0,2.0,3.0,3.0,0.0
2026,2026_02_NO_BAL,BAL,NO,55,312.0,33,204.0,22,108.0,6.3896,3.3951,2.9946,35.0,3.0,1.0,0.0,-1.7779,4.0,9.0,0.0,0.0,2.0,1.0
2026,2026_02_NO_BAL,NO,BAL,63,299.0,37,233.0,26,66.0,8.4867,10.929,-2.4423,28.0,3.0,0.0,0.0,0.0,8.0,15.0,2.0,2.0,2.0,1.0
2026,2026_02_NYG_LA,NYG,LA,55,182.0,34,130.0,21,52.0,-23.6059,-17.6063,-5.9997,15.0,2.0,1.0,0.0,-4.6042,3.0,14.0,1.0,2.0,2.0,0.0
2026,2026_02_NYG_LA,LA,NYG,56,484.0,31,318.0,25,166.0,16.2409,18.4623,-2.2213,31.0,1.0,1.0,1.0,-7.7098,5.0,9.0,0.0,0.0,3.0,3.0
2026,2026_02_PHI_TEN,TEN,PHI,51,291.0,22,169.0,29,122.0,3.8262,-0.0977,3.9239,22.0,2.0,0.0,0.0,0.0,6.0,13.0,1.0,1.0,4.0,2.0
2026,2026_02_PHI_TEN,PHI,TEN,72,341.0,40,252.0,32,89.0,2.8063,8.767,-5.9607,29.0,3.0,2.0,0.0,-10.7753,11.0,18.0,1.0,1.0,4.0,3.0
2026,2026_02_PIT_NE,PIT,NE,67,235.0,44,144.0,23,91.0,-23.8344,-21.8273,-2.0071,25.0,4.0,1.0,1.0,-12.1426,2.0,12.0,1.0,1.0,1.0,0.0
2026,2026_02_PIT_NE,NE,PIT,51,330.0,25,191.0,26,139.0,-3.5533,-5.2803,1.727,21.0,3.0,1.0,1.0,-8.2741,4.0,12.0,0.0,0.0,1.0,0.0
2026,2026_02_SEA_ARI,ARI,SEA,47,151.0,30,81.0,17,70.0,-15.2861,-8.0843,-7.2018,15.0,2.0,1.0,0.0,-2.8386,3.0,12.0,1.0,1.0,1.0,1.0
2026,2026_02_SEA_ARI,SEA,ARI,67,381.0,27,219.0,40,162.0,8.9543,16.0893,-7.135,31.0,1.0,0.0,1.0,-5.1853,6.0,13.0,1.0,3.0,5.0,3.0
2026,2026_02_WAS_DAL,DAL,WAS,54,332.0,33,266.0,21,66.0,12.2391,15.104,-2.865,30.0,2.0,0.0,0.0,0.0,7.0,11.0,0.0,0.0,4.0,3.0
2026,2026_02_WAS_DAL,WAS,DAL,67,389.0,35,207.0,32,182.0,4.6061,1.2122,3.3939,34.0,0.0,0.0,1.0,-5.882,8.0,14.0,0.0,0.0,4.0,2.0
2026,2026_03_ARI_SF,ARI,SF,80,365.0,53,272.0,27,93.0,13.519,11.1748,2.3442,43.0,2.0,0.0,1.0,5.9618,9.0,18.0,2.0,2.0,5.0,3.0
2026,2026_03_ARI_SF,SF,ARI,49,438.0,27,297.0,22,141.0,23.9915,22.9303,1.0612,28.0,0.0,0.0,0.0,0.0,5.0,8.0,0.0,0.0,3.0,3.0
2026,2026_03_ATL_GB,ATL,GB,64,500.0,25,256.0,39,244.0,20.5078,8.4581,12.0497,41.0,0.0,1.0,0.0,-4.889,6.0,10.0,0.0,0.0,5.0,4.0
2026,2026_03_ATL_GB,GB,ATL,63,328.0,54,311.0,9,17.0,0.8592,3.5712,-2.712,25.0,1.0,1.0,0.0,-4.3403,6.0,15.0,2.0,3.0,4.0,2.0
2026,2026_03_BAL_DAL,BAL,DAL,58,378.0,20,186.0,38,192.0,7.7614,11.928,-4.1666,29.0,0.0,0.0,0.0,0.0,3.0,9.0,0.0,2.0,6.0,4.0
2026,2026_03_BAL_DAL,DAL,BAL,71,415.0,41,267.0,30,148.0,6.4225,7.3605,-0.9379,33.0,1.0,0.0,1.0,-5.6165,5.0,13.0,1.0,2.0,6.0,3.0
2026,2026_03_CAR_CLE,CAR,CLE,73,360.0,50,262.0,23,98.0,-8.4402,-5.8424,-2.5978,26.0,3.0,1.0,0.0,-0.2533,4.0,15.0,0.0,3.0,2.0,1.0
2026,2026_03_CAR_CLE,CLE,CAR,61,261.0,33,127.0,28,134.0,-2.4158,1.0849,-3.5008,22.0,2.0,0.0,1.0,-5.3509,5.0,15.0,2.0,3.0,3.0,2.0
2026,2026_03_CIN_PIT,PIT,CIN,56,413.0,35,273.0,21,140.0,11.2347,8.5586,2.6761,27.0,2.0,1.0,1.0,2.3127,7.0,12.0,0.0,0.0,3.0,1.0
2026,2026_03_CIN_PIT,CIN,PIT,56,352.0,38,269.0,18,83.0,15.7221,14.6522,1.0699,31.0,1.0,0.0,1.0,-4.092,6.0,12.0,2.0,2.0,2.0,1.0
2026,2026_03_HOU_IND,HOU,IND,51,223.0,30,153.0,21,70.0,-4.7028,-3.0917,-1.6111,21.0,3.0,0.0,0.0,0.0,4.0,11.0,0.0,1.0,3.0,2.0
2026,2026_03_HOU_IND,IND,HOU,71,300.0,40,211.0,31,89.0,-8.0735,-6.8715,-1.2019,29.0,4.0,1.0,2.0,-14.5465,7.0,15.0,2.0,2.0,3.0,1.0
2026,2026_03_KC_MIA,KC,MIA,49,334.0,24,246.0,25,88.0,6.7672,12.9239,-6.1566,26.0,0.0,1.0,0.0,-3.5567,3.0,7.0,0.0,1.0,5.0,3.0
2026,2026_03_KC_MIA,MIA,KC,67,329.0,36,210.0,31,119.0,-10.1233,-4.047,-6.0763,20.0,0.0,1.0,1.0,-7.0892,8.0,16.0,0.0,3.0,2.0,1.0
2026,2026_03_LAC_BUF,BUF,LAC,62,351.0,30,174.0,32,177.0,-1.2966,-5.3753,4.0788,31.0,4.0,2.0,3.0,-17.2762,6.0,12.0,2.0,2.0,4.0,3.0
2026,2026_03_LAC_BUF,LAC,BUF,64,348.0,36,217.0,28,131.0,-4.5685,-6.3696,1.8011,30.0,2.0,1.0,0.0,-5.8199,6.0,15.0,0.0,1.0,4.0,1.0
2026,2026_03_LA_DEN,LA,DEN,80,482.0,57,366.0,23,116.0,1.1295,-1.1314,2.2609,33.0,4.0,2.0,0.0,-11.4453,8.0,17.0,1.0,1.0,5.0,1.0
2026,2026_03_LA_DEN,DEN,LA,60,257.0,35,179.0,25,78.0,-2.537,-3.1788,0.6417,22.0,1.0,1.0,0.0,-5.313,7.0,13.0,0.0,0.0,3.0,3.0
2026,2026_03_LV_NO,NO,LV,72,381.0,44,233.0,28,148.0,-4.6737,-7.0986,2.4249,39.0,2.0,1.0,3.0,-20.5727,9.0,15.0,0.0,1.0,5.0,4.0
2026,2026_03_LV_NO,LV,NO,61,342.0,36,227.0,25,115.0,8.5396,10.8754,-2.3358,27.0,3.0,0.0,1.0,-5.3009,7.0,12.0,0.0,0.0,6.0,3.0
2026,2026_03_MIN_TB,MIN,TB,55,230.0,32,152.0,23,78.0,-14.5017,-12.0939,-2.4078,13.0,3.0,1.0,0.0,-4.4876,2.0,15.0,1.0,1.0,0.0,0.0
2026,2026_03_MIN_TB,TB,MIN,64,243.0,43,186.0,21,57.0,-15.7377,-11.3345,-4.4032,17.0,6.0,2.0,0.0,-2.2004,2.0,17.0,0.0,2.0,2.0,0.0
2026,2026_03_NE_JAX,JAX,NE,59,315.0,29,178.0,30,137.0,13.7573,7.6397,6.1176,30.0,1.0,1.0,0.0,-5.4032,8.0,12.0,0.0,0.0,5.0,5.0
2026,2026_03_NE_JAX,NE,JAX,60,317.0,34,234.0,26,83.0,-15.1646,-13.9127,-1.2519,22.0,3.0,2.0,1.0,-17.4052,4.0,12.0,1.0,2.0,4.0,0.0
2026,2026_03_NYJ_DET,NYJ,DET,61,335.0,42,277.0,19,58.0,5.8768,10.7732,-4.8965,28.0,5.0,0.0,1.0,-4.7039,6.0,12.0,1.0,1.0,3.0,2.0
2026,2026_03_NYJ_DET,DET,NYJ,62,383.0,34,250.0,28,133.0,11.8388,12.1361,-0.2973,37.0,2.0,0.0,0.0,0.0,5.0,10.0,1.0,2.0,5.0,4.0
2026,2026_03_PHI_CHI,CHI,PHI,67,377.0,34,247.0,33,130.0,6.2258,7.2529,-1.027,33.0,0.0,0.0,0.0,0.0,5.0,13.0,2.0,3.0,4.0,2.0
2026,2026_03_PHI_CHI,PHI,CHI,47,248.0,28,141.0,19,107.0,-14.2794,-20.1134,5.834,19.0,2.0,2.0,1.0,-11.9359,2.0,9.0,0.0,2.0,2.0,1.0
2026,2026_03_SEA_WAS,SEA,WAS,64,437.0,46,393.0,18,44.0,-2.9711,5.0052,-7.9764,32.0,0.0,2.0,1.0,-18.7646,3.0,9.0,0.0,1.0,5.0,4.0
2026,2026_03_SEA_WAS,WAS,SEA,63,260.0,33,176.0,30,84.0,-5.0315,3.8473,-8.8787,20.0,2.0,0.0,0.0,0.0,3.0,13.0,1.0,1.0,3.0,2.0
2026,2026_03_TEN_NYG,TEN,NYG,57,262.0,36,181.0,21,81.0,-8.3605,-6.4883,-1.8722,23.0,0.0,1.0,1.0,-9.0317,5.0,13.0,0.0,1.0,3.0,1.0
2026,2026_03_TEN_NYG,NYG,TEN,57,239.0,25,100.0,32,139.0,-6.6192,-6.1147,-0.5044,22.0,3.0,0.0,0.0,0.0,4.0,13.0,0.0,0.0,2.0,0.0
2026,2026_04_PIT_CLE,CLE,PIT,60,374.0,35,260.0,25,114.0,5.9545,9.183,-3.2285,29.0,2.0,1.0,1.0,-8.1224,4.0,10.0,0.0,0.0,2.0,2.0
2026,2026_04_PIT_CLE,PIT,CLE,64,361.0,45,269.0,19,92.0,4.5616,3.3703,1.1913,30.0,5.0,2.0,0.0,-3.6907,4.0,13.0,0.0,0.0,3.0,2.0
