season,game_id,side,team,opp,plays,epa,succ,n_pass,n_rush,pass_epa,rush_epa
2026,2026_01_ARI_LAC,away,ARI,LAC,71,11.5217,35.0,42,29,11.3479,0.1738
2026,2026_01_ARI_LAC,home,LAC,ARI,51,-4.8764,22.0,35,16,0.1939,-5.0703
2026,2026_01_ATL_PIT,home,PIT,ATL,65,-15.7153,22.0,47,18,-11.1756,-4.5397
2026,2026_01_ATL_PIT,away,ATL,PIT,60,-17.4165,22.0,28,32,-13.8135,-3.603
2026,2026_01_BAL_IND,home,IND,BAL,42,-11.0054,16.0,23,19,-13.2085,2.2031
2026,2026_01_BAL_IND,away,BAL,IND,46,11.2081,19.0,27,19,9.0617,2.1464
2026,2026_01_BUF_HOU,away,BUF,HOU,55,16.4261,23.0,36,19,21.4201,-4.9941
2026,2026_01_BUF_HOU,home,HOU,BUF,79,5.6289,38.0,48,31,4.6896,0.9393
2026,2026_01_CHI_CAR,away,CHI,CAR,61,19.1694,33.0,36,25,19.0091,0.1603
2026,2026_01_CHI_CAR,home,CAR,CHI,50,3.219,23.0,33,17,3.5718,-0.3528
2026,2026_01_CLE_JAX,away,CLE,JAX,13,-12.5194,3.0,8,5,-11.0338,-1.4856
2026,2026_01_CLE_JAX,home,JAX,CLE,32,14.7049,19.0,19,13,14.2449,0.4599
2026,2026_01_DAL_NYG,away,DAL,NYG,57,15.861,28.0,40,17,17.5585,-1.6975
2026,2026_01_DAL_NYG,home,NYG,DAL,62,22.8529,37.0,32,30,21.6502,1.2028
2026,2026_01_DEN_KC,away,DEN,KC,41,-12.7182,15.0,28,13,-10.3312,-2.387
2026,2026_01_DEN_KC,home,KC,DEN,52,6.2576,20.0,30,22,-0.3636,6.6212
2026,2026_01_GB_MIN,home,MIN,GB,57,1.9612,22.0,32,25,3.9165,-1.9552
2026,2026_01_GB_MIN,away,GB,MIN,57,-8.7942,21.0,35,22,0.8326,-9.6267
2026,2026_01_MIA_LV,away,MIA,LV,46,-9.2773,16.0,31,15,-3.2961,-5.9812
2026,2026_01_MIA_LV,home,LV,MIA,55,3.7407,26.0,29,26,-0.1546,3.8953
2026,2026_01_NE_SEA,home,SEA,NE,49,-0.2336,19.0,28,21,3.8531,-4.0868
2026,2026_01_NE_SEA,away,NE,SEA,71,-6.5585,29.0,44,27,5.6054,-12.1638
2026,2026_01_NO_DET,home,DET,NO,77,-1.354,35.0,41,36,1.2395,-2.5936
2026,2026_01_NO_DET,away,NO,DET,88,4.1905,39.0,65,23,5.917,-1.7265
2026,2026_01_NYJ_TEN,away,NYJ,TEN,52,12.0196,29.0,26,26,10.0374,1.9823
2026,2026_01_NYJ_TEN,home,TEN,NYJ,33,-9.6924,13.0,25,8,-8.6934,-0.999
2026,2026_01_SF_LA,home,LA,SF,40,-6.8631,19.0,20,20,-5.8092,-1.0539
2026,2026_01_SF_LA,away,SF,LA,56,15.4278,35.0,35,21,10.9909,4.4368
2026,2026_01_TB_CIN,away,TB,CIN,56,-0.1715,29.0,39,17,-2.1828,2.0113
2026,2026_01_TB_CIN,home,CIN,TB,59,3.8793,28.0,37,22,2.7554,1.1239
2026,2026_01_WAS_PHI,away,WAS,PHI,69,5.0593,30.0,40,29,6.4068,-1.3475
2026,2026_01_WAS_PHI,home,PHI,WAS,53,0.9628,18.0,34,19,4.1277,-3.1648
2026,2026_02_CAR_ATL,home,ATL,CAR,35,-13.6983,13.0,19,16,-8.2259,-5.4724
2026,2026_02_CAR_ATL,away,CAR,ATL,47,11.7535,20.0,34,13,16.0164,-4.2629
2026,2026_02_CIN_HOU,away,CIN,HOU,51,-0.8822,16.0,34,17,1.6287,-2.5108
2026,2026_02_CIN_HOU,home,HOU,CIN,64,-13.3675,24.0,49,15,-1.4409,-11.9266
2026,2026_02_CLE_TB,away,CLE,TB,56,0.2823,25.0,36,20,11.6127,-11.3304
2026,2026_02_CLE_TB,home,TB,CLE,65,-11.2889,24.0,43,22,-11.6191,0.3301
2026,2026_02_DET_BUF,home,BUF,DET,65,26.4509,38.0,41,24,19.7494,6.7015
2026,2026_02_DET_BUF,away,DET,BUF,54,2.8402,24.0,35,19,7.5732,-4.733
2026,2026_02_GB_NYJ,away,GB,NYJ,59,-8.1625,19.0,38,21,2.1037,-10.2662
2026,2026_02_GB_NYJ,home,NYJ,GB,73,-6.5419,28.0,49,24,6.3506,-12.8924
2026,2026_02_IND_KC,away,IND,KC,65,13.6321,32.0,35,30,8.0209,5.6112
2026,2026_02_IND_KC,home,KC,IND,80,15.1193,43.0,52,28,12.4789,2.6403
2026,2026_02_JAX_DEN,home,DEN,JAX,59,7.6138,28.0,33,26,10.2627,-2.6489
2026,2026_02_JAX_DEN,away,JAX,DEN,60,-2.9329,27.0,36,24,-4.4319,1.4989
2026,2026_02_LV_LAC,home,LAC,LV,64,-11.3277,23.0,31,33,3.5807,-14.9084
2026,2026_02_LV_LAC,away,LV,LAC,57,-3.224,21.0,33,24,7.9273,-11.1514
2026,2026_02_MIA_SF,away,MIA,SF,41,2.3338,19.0,20,21,1.1275,1.2063
2026,2026_02_MIA_SF,home,SF,MIA,31,18.6465,20.0,18,13,20.3842,-1.7376
2026,2026_02_MIN_CHI,away,MIN,CHI,52,-3.7754,18.0,25,27,0.3149,-4.0903
2026,2026_02_MIN_CHI,home,CHI,MIN,73,-9.0441,23.0,44,29,-1.0833,-7.9607
2026,2026_02_NO_BAL,home,BAL,NO,57,5.6467,35.0,39,18,2.965,2.6817
2026,2026_02_NO_BAL,away,NO,BAL,66,8.0032,29.0,42,24,9.6748,-1.6716
2026,2026_02_NYG_LA,away,NYG,LA,49,-17.102,13.0,27,22,-9.962,-7.14
2026,2026_02_NYG_LA,home,LA,NYG,38,8.5744,18.0,25,13,13.1849,-4.6105
2026,2026_02_PHI_TEN,home,TEN,PHI,53,2.2869,22.0,25,28,0.9328,1.3541
2026,2026_02_PHI_TEN,away,PHI,TEN,76,7.7996,30.0,43,33,12.0296,-4.23
2026,2026_02_PIT_NE,away,PIT,NE,53,-13.9467,19.0,34,19,-11.9817,-1.9649
2026,2026_02_PIT_NE,home,NE,PIT,42,2.7812,22.0,26,16,-0.9805,3.7617
2026,2026_02_SEA_ARI,home,ARI,SEA,48,-12.9163,16.0,34,14,-7.6128,-5.3034
2026,2026_02_SEA_ARI,away,SEA,ARI,53,3.3134,24.0,27,26,13.9864,-10.673
2026,2026_02_WAS_DAL,home,DAL,WAS,48,9.9178,27.0,34,14,14.5848,-4.667
2026,2026_02_WAS_DAL,away,WAS,DAL,57,-0.1043,25.0,37,20,-0.1094,0.0051
2026,2026_03_ARI_SF,away,ARI,SF,83,11.2344,42.0,54,29,11.6819,-0.4474
2026,2026_03_ARI_SF,home,SF,ARI,53,20.8036,30.0,31,22,22.751,-1.9474
2026,2026_03_ATL_GB,away,ATL,GB,52,13.6838,34.0,24,28,3.1317,10.5521
2026,2026_03_ATL_GB,home,GB,ATL,43,-2.976,17.0,33,10,0.4079,-3.3839
2026,2026_03_BAL_DAL,away,BAL,DAL,64,11.9294,32.0,28,36,16.7753,-4.8459
2026,2026_03_BAL_DAL,home,DAL,BAL,73,8.7021,34.0,47,26,8.8801,-0.178
2026,2026_03_CAR_CLE,away,CAR,CLE,75,-6.7714,28.0,52,23,-4.1736,-2.5978
2026,2026_03_CAR_CLE,home,CLE,CAR,65,1.1521,25.0,43,22,6.7821,-5.63
2026,2026_03_CIN_PIT,home,PIT,CIN,59,11.2369,29.0,39,20,8.568,2.6689
2026,2026_03_CIN_PIT,away,CIN,PIT,57,14.192,31.0,41,16,13.6015,0.5905
2026,2026_03_HOU_IND,away,HOU,IND,54,-4.4509,23.0,33,21,0.2933,-4.7442
2026,2026_03_HOU_IND,home,IND,HOU,71,-5.2864,29.0,41,30,-2.5374,-2.7489
2026,2026_03_KC_MIA,away,KC,MIA,49,10.5992,27.0,28,21,14.8596,-4.2604
2026,2026_03_KC_MIA,home,MIA,KC,66,-3.4085,20.0,40,26,5.6044,-9.0129
2026,2026_03_LAC_BUF,home,BUF,LAC,62,-3.0972,29.0,33,29,-5.4001,2.3029
2026,2026_03_LAC_BUF,away,LAC,BUF,68,-4.3281,32.0,41,27,-4.9677,0.6396
2026,2026_03_LA_DEN,away,LA,DEN,84,4.7934,34.0,61,23,6.1054,-1.3121
2026,2026_03_LA_DEN,home,DEN,LA,65,1.1189,25.0,39,26,0.8875,0.2314
2026,2026_03_LV_NO,home,NO,LV,74,-1.9019,40.0,47,27,-2.2581,0.3563
2026,2026_03_LV_NO,away,LV,NO,62,14.2755,29.0,40,22,17.0929,-2.8174
2026,2026_03_MIN_TB,away,MIN,TB,58,-16.8506,14.0,37,21,-12.669,-4.1816
2026,2026_03_MIN_TB,home,TB,MIN,68,-20.5291,16.0,49,19,-14.027,-6.5021
2026,2026_03_NE_JAX,home,JAX,NE,49,8.1742,24.0,31,18,5.4769,2.6973
2026,2026_03_NE_JAX,away,NE,JAX,42,-7.0943,15.0,25,17,-5.8022,-1.2921
2026,2026_03_NYJ_DET,away,NYJ,DET,64,7.0545,29.0,47,17,11.8194,-4.7649
2026,2026_03_NYJ_DET,home,DET,NYJ,63,12.6349,38.0,37,26,11.9524,0.6825
2026,2026_03_PHI_CHI,home,CHI,PHI,55,2.6719,25.0,36,19,8.0429,-5.3711
2026,2026_03_PHI_CHI,away,PHI,CHI,44,-9.7777,18.0,27,17,-14.1898,4.4121
2026,2026_03_SEA_WAS,away,SEA,WAS,67,3.5489,34.0,50,17,12.3269,-8.778
2026,2026_03_SEA_WAS,home,WAS,SEA,67,-1.5757,22.0,38,29,6.5595,-8.1352
2026,2026_03_TEN_NYG,home,NYG,TEN,63,-9.203,24.0,27,36,-3.8593,-5.3437
2026,2026_03_TEN_NYG,away,TEN,NYG,60,-8.6158,24.0,39,21,-6.7436,-1.8722
2026,2026_04_ARI_NYG,away,ARI,NYG,66,-8.3123,30.0,41,25,-9.6536,1.3413
2026,2026_04_ARI_NYG,home,NYG,ARI,65,-4.4382,22.0,36,29,6.7269,-11.1651
2026,2026_04_ATL_NO,away,ATL,NO,49,19.2809,29.0,21,28,10.6601,8.6208
2026,2026_04_ATL_NO,home,NO,ATL,41,-7.8972,14.0,29,12,-0.3858,-7.5114
2026,2026_04_DAL_HOU,home,HOU,DAL,53,9.7838,25.0,35,18,14.8576,-5.0738
2026,2026_04_DAL_HOU,away,DAL,HOU,78,15.8188,36.0,53,25,14.5725,1.2464
2026,2026_04_DEN_SF,away,DEN,SF,62,3.609,25.0,40,22,5.9541,-2.3451
2026,2026_04_DEN_SF,home,SF,DEN,63,6.7278,31.0,33,30,8.9106,-2.1828
2026,2026_04_DET_CAR,away,DET,CAR,71,10.8129,32.0,54,17,13.2579,-2.445
2026,2026_04_DET_CAR,home,CAR,DET,70,22.7328,36.0,46,24,23.1557,-0.4229
2026,2026_04_GB_TB,home,TB,GB,62,-2.148,28.0,37,25,-2.6559,0.5079
2026,2026_04_GB_TB,away,GB,TB,57,2.1526,26.0,34,23,7.8507,-5.6981
2026,2026_04_IND_WAS,away,IND,WAS,59,-2.8395,25.0,34,25,-12.4775,9.6381
2026,2026_04_IND_WAS,home,WAS,IND,55,-12.0016,16.0,37,18,-7.9533,-4.0483
2026,2026_04_JAX_CIN,away,JAX,CIN,58,7.4047,24.0,32,26,7.9163,-0.5117
2026,2026_04_JAX_CIN,home,CIN,JAX,76,5.2055,35.0,63,13,9.2679,-4.0624
2026,2026_04_KC_LV,away,KC,LV,59,7.4051,26.0,35,24,2.4542,4.951
2026,2026_04_KC_LV,home,LV,KC,80,5.0003,40.0,53,27,12.3627,-7.3625
2026,2026_04_LAC_SEA,away,LAC,SEA,65,-13.7856,25.0,38,27,-17.3301,3.5444
2026,2026_04_LAC_SEA,home,SEA,LAC,54,-0.7589,23.0,24,30,-1.0332,0.2743
2026,2026_04_LA_PHI,home,PHI,LA,61,-17.0563,20.0,34,27,-5.7677,-11.2887
2026,2026_04_LA_PHI,away,LA,PHI,83,2.6355,41.0,58,25,2.74,-0.1045
2026,2026_04_MIA_MIN,home,MIN,MIA,75,-4.2036,30.0,47,28,-3.3376,-0.8661
2026,2026_04_MIA_MIN,away,MIA,MIN,39,-9.3379,13.0,20,19,-10.3936,1.0556
2026,2026_04_NE_BUF,home,BUF,NE,58,7.3799,24.0,38,20,5.0789,2.301
2026,2026_04_NE_BUF,away,NE,BUF,73,14.0453,37.0,44,29,16.2076,-2.1624
2026,2026_04_NYJ_CHI,home,CHI,NYJ,73,13.7222,45.0,36,37,11.5105,2.2117
2026,2026_04_NYJ_CHI,away,NYJ,CHI,30,-10.2049,11.0,16,14,-10.6776,0.4726
2026,2026_04_PIT_CLE,home,CLE,PIT,62,9.0818,31.0,39,23,13.081,-3.9992
2026,2026_04_PIT_CLE,away,PIT,CLE,69,8.1994,34.0,49,20,7.7613,0.4381
2026,2026_04_TEN_BAL,away,TEN,BAL,54,-7.1283,19.0,32,22,-3.1985,-3.9298
2026,2026_04_TEN_BAL,home,BAL,TEN,46,8.5916,21.0,31,15,10.4315,-1.8399
