game_id,seen,spread_line,total_line,home_moneyline,away_moneyline
2026_04_ARI_NYG,2026-10-04 05:24,-2.5,44.5,114.0,-135.0
2026_04_DAL_HOU,2026-10-04 05:24,3.0,48.5,-155.0,130.0
2026_04_DEN_SF,2026-10-04 05:24,3.0,48.5,-148.0,124.0
2026_04_DET_CAR,2026-10-04 05:24,-3.5,51.5,160.0,-192.0
2026_04_GB_TB,2026-10-04 05:24,-3.0,38.5,140.0,-166.0
2026_04_IND_WAS,2026-10-04 05:24,-4.5,46.5,170.0,-205.0
2026_04_JAX_CIN,2026-10-04 05:24,2.5,51.5,-142.0,120.0
2026_04_KC_LV,2026-10-04 05:24,-4.5,47.5,185.0,-225.0
2026_04_LAC_SEA,2026-10-04 05:24,7.0,42.5,-375.0,295.0
2026_04_LA_PHI,2026-10-04 05:24,-3.5,42.5,150.0,-180.0
2026_04_MIA_MIN,2026-10-04 05:24,10.0,38.5,-520.0,390.0
2026_04_NE_BUF,2026-10-04 05:24,7.0,50.5,-305.0,245.0
2026_04_NYJ_CHI,2026-10-04 05:24,3.5,43.5,-185.0,154.0
2026_04_TEN_BAL,2026-10-04 05:24,11.5,41.5,-700.0,500.0
2026_04_ATL_NO,2026-10-04 05:24,1.5,47.5,-130.0,110.0
2026_05_TB_DAL,2026-10-04 05:24,9.5,47.5,-535.0,400.0
2026_05_BAL_ATL,2026-10-04 05:24,-6.0,49.5,220.0,-270.0
2026_05_CHI_GB,2026-10-04 05:24,2.5,45.5,-135.0,114.0
2026_05_CIN_MIA,2026-10-04 05:24,-8.5,46.5,360.0,-470.0
2026_05_CLE_NYJ,2026-10-04 05:24,1.5,40.5,-126.0,108.0
2026_05_DEN_LAC,2026-10-04 05:24,-2.5,43.5,114.0,-135.0
2026_05_DET_ARI,2026-10-04 05:24,-5.5,52.5,200.0,-245.0
2026_05_HOU_TEN,2026-10-04 05:24,-6.5,39.5,245.0,-305.0
2026_05_IND_PIT,2026-10-04 05:24,1.5,44.5,-136.0,116.0
2026_05_LV_NE,2026-10-04 05:24,3.5,44.5,-192.0,160.0
2026_05_MIN_NO,2026-10-04 05:24,-2.5,44.5,120.0,-142.0
2026_05_NYG_WAS,2026-10-04 05:24,2.5,43.5,-142.0,120.0
2026_05_PHI_JAX,2026-10-04 05:24,3.0,44.5,-148.0,124.0
2026_05_SF_SEA,2026-10-04 05:24,3.0,47.5,-175.0,145.0
2026_05_BUF_LA,2026-10-04 05:24,2.5,52.5,-135.0,114.0
2026_04_DAL_HOU,2026-10-04 05:30,3.0,48.5,-148.0,124.0
2026_04_DEN_SF,2026-10-04 15:48,3.0,48.5,-162.0,136.0
2026_04_DET_CAR,2026-10-04 15:48,-3.5,51.5,164.0,-198.0
2026_04_GB_TB,2026-10-04 15:48,-3.0,38.5,145.0,-175.0
2026_04_IND_WAS,2026-10-04 15:48,-4.5,46.5,190.0,-230.0
2026_04_JAX_CIN,2026-10-04 15:48,2.5,51.5,-148.0,124.0
2026_04_LAC_SEA,2026-10-04 15:48,7.0,42.5,-360.0,285.0
2026_04_LA_PHI,2026-10-04 15:48,-3.5,42.5,170.0,-205.0
2026_04_MIA_MIN,2026-10-04 15:48,10.0,38.5,-535.0,400.0
2026_04_NE_BUF,2026-10-04 15:48,7.0,49.5,-340.0,270.0
2026_04_TEN_BAL,2026-10-04 15:48,11.5,42.5,-800.0,550.0
2026_05_PHI_JAX,2026-10-04 15:48,3.0,44.5,-162.0,136.0
